"ID","Last Name","First Name","Middle Name","Date of Birth","Sex","Race","UNID","InSample"
1,"Patel","Amara ","Mei","6/28/2016","Female","Black","OFDEBNBNST",NA
2,"Kim","Malik ","Giovanni","8/18/2017","Male","White","98AQ2AIWZX",NA
3,"García","Sofia ","","9/22/2019","Female","Black","R8EFSTH5I0",NA
4,"Chan","Hiro ","","7/17/2018","Male","NHOPI","MBR9ABVV5I",1
6,"Sánchez","Alejandro ","","9/27/2017","Male","AIAN","C0IHCFX2IZ",NA
7,"Nguyen","Aisha ","","11/7/2018","Female","AIAN","OTXCPJ8EKV",NA
8,"Smith","Joon ","","7/22/2019","Male","Black","86JHHB5X5C",1
9,"González","Katarina ","","11/9/2019","Female","Asian","E0FQ1ZZON8",1
10,"Park","Hassan ","","12/27/2017","Male","Asian","L7ZIQI9MT3",NA
12,"Singh","Ahmed ","","11/24/2019","Male","White","6L1N2D11RY",NA
13,"Martinez","Ananya ","","11/29/2018","Female","White","0SVH3B5WYT",NA
15,"Lee-Lea","Nadia ","Ravi","4/16/2016","Female","White","D1E83KZ2KI",1
16,"Johnson","Emre ","","4/4/2020","Male","Black","J495W5BCVP",1
17,"Wang-Li","Isabella ","","11/23/2016","Female","White","2861CDO7ML",NA
18,"Smith-Garcia","Raj ","","5/31/2017","Male","Asian","MM63S3NCU3",NA
19,"O'Connor","Leila ","","10/29/2016","Female","White","MGHSJVMT10",NA
20,"Dubois","Diego ","","11/13/2017","Male","White","0C18MEE5H2",NA
21,"Kim-Lee","Yuna ","","5/12/2016","Female","AIAN","FVKH6E1CWC",NA
22,"Hernandez","Aliyah ","","2/2/2017","Female","Black","XP5KISQLSA",1
23,"Chowdhury","Oliver ","","8/14/2016","Male","White","RB3SLU7MIP",1
24,"Cohen","Fatima ","","10/15/2018","Female","White","XU97KQHWD5",1
25,"Ortiz","Leo ","Tarik","5/5/2019","Male","NHOPI","O5OXJS0FQJ",NA
27,"Iwamoto","Omar ","Khalid","9/14/2017","Male","White","39O1Y8N1TQ",NA
28,"Davis","Sorry","Lucia","3/3/2018","Female","","UL8V1Y5BGG",1
29,"Rodriguez","Samir ","Aliyah","12/8/2020","Male","Black","QG1PHO7C6M",NA
30,"Wong-Chen","Natasha ","Téo","11/5/2016","Female","White","028S7CDJKY",NA
31,"Torres","Yusef ","Henrik","1/31/2017","Male","White","YHXC8UPFOH",NA
32,"Kimura","Maya ","Mayumi","10/12/2018","Female","AIAN","0QMR18XB7K",NA
33,"Takahashi","Adil ","Elias","12/19/2019","Male","White","4NEN6C7QIT",NA
34,"García-Rodríguez","Amal ","Niamh","8/23/2020","Female","White","TQXPKGL50C",1
35,"Ali-Jones","Isaac ","Arseniy","4/18/2017","Male","White","ZYRNKYG64B",1
37,"Ruiz","Jin ","Finn","9/5/2018","Male","Black","BKYB1QSGRY",1
38,"Morita","Anika ","Jia","5/10/2016","Female","White","G7ZO96JK4A",NA
39,"Johnson-Lee","Amir ","Florian","11/22/2020","Male","White","EFJZR0JJ1Z",NA
40,"Ramirez","Noemi ","Soraya","11/12/2018","Female","Black","LV8BF2X53H",NA
41,"Ahmed-Khan","Luis ","Artur","10/18/2017","Male","White","ID9048GM1J",NA
42,"Gonzalez-Rodriguez","Farah ","Nadia","2/15/2019","Female","White","1H4CPXSSR0",NA
43,"Kim-Kimura","Rishi ","Valentina","1/21/2019","Male","White","JN9NYB8UEA",NA
44,"Nguyen-Pham","Mei Ling ","Efe","4/1/2016","Female","AIAN","DSKRQRIQLJ",NA
45,"Patel-Shah","Selim ","Hana","12/20/2017","Male","Asian","FJQF078NW4",NA
46,"Takada","Laila ","Javier","2/24/2018","Female","White","OHCS9MRMEL",NA
47,"Chang-Liu","Jun ","Maritza","6/25/2019","Male","White","Z4CRSRITY9",1
48,"Lee-Kim","Camila ","N","3/19/2017","Female","White","1L9WNMRB7D",1
49,"Choudhury","Rohan ","M","9/16/2018","Male","Black","U18NIG95WB",NA
50,"Sato","Naima ","Hassan","1/1/2017","Female","White","RUKTPPPDOY",1
51,"Martinez-Gonzalez","Arjun ","E","8/7/2018","Male","Asian","E01UBFFZR2",NA
52,"Ortiz-Santos","Kaya ","S","7/10/2020","Female","White","NXU4EA0QRO",1
53,"Lee-Lee","Zainab ","Amina","6/2/2017","Female","Asian","2PFF2PECQJ",NA
54,"García-Sánchez","Anton ","L","10/17/2016","Male","NHOPI","I5GNZDRXAD",1
55,"Ali-Malik","Hanna ","Karolina","6/12/2019","Female","Asian","9FMG34GL9J",1
56,"Wang-Zhang","Nathan ","Omar","8/6/2017","Male","NHOPI","0VWJBXCTGV",NA
57,"Dubois-Martin","Sanaa ","Kira","1/2/2020","Female","Black","Z3ZUBOKRFF",NA
58,"Park-Kim","Hiroto ","O","12/29/2019","Male","White","ARRMFAJ442",NA
59,"García-López","Amina ","Safiya","1/25/2020","Female","White","XLYUTM4IMX",NA
60,"Lee-Chen","Alejandro ","Yara","7/1/2016","Male","Black","42QWEUNOIB",NA
61,"Hernandez-Diaz","Tala ","Aydin","5/24/2017","Female","White","VDSGV2KJJR",NA
62,"Lee-Chang","Ali ","Veronika","9/2/2016","Male","White","W3T15GPXN2",NA
63,"Cohen-Goldberg","Lena ","Nour","1/29/2017","Female","Asian","FSQ2XRG2EN",NA
64,"Nakamura-Yamamoto","Omar ","Andrzej","5/13/2019","Male","White","3VMF0NGG8L",1
65,"Iwamoto-Tanaka","Kiana ","Leticia","9/19/2017","Female","White","1TVEMW2EV1",NA
66,"O'Connor-O'Neill","Aliya ","A","8/17/2016","Female","White","T115URQVXI",NA
67,"Rodriguez-García","Roman ","Jelena","11/14/2018","Male","NHOPI","AD6YN2AUEH",NA
68,"Kim-Choi","Aaliyah ","Marisol","4/28/2018","Female","White","YOF3B0GX3W",1
69,"Chen","Marcelo ","Eduardo","11/30/2017","Male","White","W05SKZS6YT",NA
70,"Smith-Johnson","Anisa ","","12/3/2016","Female","White","OKXHO0YV07",1
71,"Wong","Kai ","Solveig","7/28/2020","Male","Asian","368TVTTRBH",1
72,"Torres-Rodriguez","Jasmine ","Giselle","10/27/2017","Female","Black","H3ZVRNTXJ9",1
74,"Nguyen-Tran","Sanaya ","","1/10/2019","Female","White","GMDSR7SU9M",NA
75,"Ahmed-Mirza","Navid ","Kai","10/11/2019","Male","White","ZIJEMUFXYL",NA
76,"Ramirez-García","Amira ","Oksana","3/8/2017","Female","Black","27WDTRXBQP",NA
77,"Gonzalez-Santos","Rafael ","Luca","6/23/2018","Male","White","2EHFQJTPXQ",NA
79,"Takada-Tanaka","Omar ","Hasan","12/23/2020","Male","NHOPI","JV2UMTQFQI",NA
80,"Chang-Chen","Selena ","Kiana","1/19/2020","Female","Asian","Q6FPWYVEG1",1
81,"Lee-Park","Yusuf ","Rasmus","8/26/2019","Male","White","AQ0JCTCZ5S",1
82,"García-Pérez","Lina ","","2/18/2017","Female","White","A9XVGTNYX3",NA
83,"Ali-Kazmi","Santiago ","","11/2/2017","Male","White","6OKCMIYBH7",NA
84,"Ortiz-Rodríguez","Lila ","Fatoumata","4/14/2020","Female","White","UNJK41UZGM",1
85,"Kim-Kang","Amirah ","Santiago","6/4/2019","Female","Asian","FTCDJEQI5L",NA
86,"Dubois-Dupont","Matteo ","Analia","4/22/2017","Male","White","6EFW6YUJ3G",NA
87,"Hernandez-Gonzalez","Lila ","Inessa","1/15/2018","Female","White","BSA9B7OCJM",1
88,"Sato-Nakamura","Yusuf ","","11/18/2019","Male","AIAN","LOEDW6DENQ",1
89,"Chen-Lee","Hana ","","6/3/2020","Female","White","DGH0S4NHD7",NA
90,"Martinez-Hernandez","Tariq ","Abdullah","5/9/2018","Male","White","EGU0JIDBGJ",NA
94,"Nakamura-Kato","Ayman ","Antonia","7/20/2017","Male","AIAN","W55MD5B35X",NA
95,"Lee-Wong","Olivia ","Nabil","3/1/2016","Female","White","R62TP3EANR",NA
96,"Kim-Lim","Malik ","Ilana","3/12/2018","Male","NHOPI","O6Q3B5EY6K",NA
97,"Ramirez-Morales","Laila ","","9/8/2016","Female","Black","5K3TGIOBGD",NA
98,"Cohen-Levy","Emre ","","1/26/2017","Male","Black","3ZXPE8FGXD",NA
99,"Garcia-Lopez","Aisha ","Krama","9/17/2019","Female","White","F8VTCMXSEI",NA
100,"Chang-Kim","Akira ","","4/20/2020",NA,"White","OK9SXK38NW",NA
101,"Brown","Harper","Grace","11/16/2019","Female","Black","7N2PSK0BIK",NA
102,"Carter","Grayson","James","8/26/2017","Male","White","IX44Y297OX",NA
103,"Anderson","Emerson","Nicole","3/27/2018",NA,"Black","4KL5HTHENM",NA
104,"Davis","Rowan","Alexander","6/18/2020","Male","NHOPI","Q0YHVOIQQN",NA
105,"Miller","Riley","Matthew","2/8/2017","Female","Black","6F1T359P4U",NA
106,"Campbell","Avery","John","12/1/2017","Male","AIAN","2DSKYBXEQF",NA
107,"Johnson","Skylar","Marie","4/2/2016","Female","AIAN","FJ6QLLW9SH",NA
108,"Hughes","Jordan","William","9/30/2019","Male","Black","M7LTQFTKZO",NA
109,"Ramirez","Quin","Annabelle","1/23/2018","Female","Asian","5WILOFIDAF",1
110,"Peterson","Casey","J","8/15/2017","Male","Asian","XDLGZP6YVO",NA
112,"Hayes","Dakota","Andrew","11/10/2019","Male","White","F93XYEU5GU",NA
113,"Jenkins","Aubrey","Sophia","10/5/2020","Female","White","YPNPF4465F",1
114,"Cooper","Hayden","Thomas","12/5/2019",NA,"White","RK8RTPCXTY",NA
115,"Thompson","Sydney","Olivia","3/18/2016","Female","NHOPI","YSC81J49K0",NA
116,"Mason","Charlie","Benjamin","7/31/2018","Male","Black","D7G7RV4H2R",NA
117,"Sanders","Morgan","Emily","2/19/2019","Female","White","PYUXQ1ATNB",NA
118,"James","Taylor","David","9/16/2020","Male","Asian","BYUNIMEZZM",NA
119,"White","Sage","Isabella","5/7/2016","Female","White","RCSGQ4MLSC",1
120,"Flores","Devon","C","7/10/2019","Male","White","2HEM4GIWPI",NA
121,"King","Kendall","M","12/18/2016","Female","AIAN","C1LPF95QNJ",NA
122,"Allen","Drew","Samuel","11/21/2018","Male","Black","MU1WM6I3C3",1
123,"Edwards","Cameron","Claire","4/14/2017","Female","White","H6Z5P5XB8H",NA
124,"Ross","Casey","Michael","8/28/2020","Male","White","6DE4B9GNDW",NA
125,"Baker","Blair","Abigail","1/30/2018","Female","NHOPI","TZ7XNZVF8M",NA
126,"Nelson","Blake","Joseph","10/22/2016","Male","Black","TK9ACBLDH0",NA
127,"Scott","Addison","Charlotte","5/3/2019","Female","White","ZL3B2RLIME",NA
128,"Carter-Williams","Jesse","Jack","3/5/2017",NA,"Black","P8NEPFZ1FZ",NA
129,"Green","Bailey","Daniel","11/14/2020","Female","Black","UWTF5X8I8Z",1
130,"Young","Taylor","Fox","7/11/2018","Male","White","KV98BQXRET",NA
131,"Lee","Morgan","Nicholas","9/5/2017","Female","White","W0R7N2ZIGC",1
132,"Gonzalez","Jamie","Burt","12/15/2019","Male","AIAN","KNGFLCBLXP",NA
133,"Hall","Avery","Ryan","1/7/2020","Female","White","YPOD3SKM0A",1
135,"Bailey","Dana","Avery","2/23/2017","Female","White","TJBI8FPDSJ",NA
136,"Powell","Hayden","Harper","11/25/2018","Male","Black","IJ434U6WVY",NA
137,"Adams","Robin","Emily","9/23/2020","Female","Black","AYPEOEQLU0",NA
138,"Wright","Skyler","Robert","5/20/2019","Male","White","RHVXWZBXZW",NA
139,"Williams","Jordan","Carol ","12/22/2017","Female","White","D4VRCCXOXD",NA
140,"Marshall","Sage","Caroline","4/4/2018","Male","Black","6YND97IRE6",NA
141,"Ortiz","Payton","","3/8/2016","Female","White","BCFQ2Y1BAZ",1
142,"Lee-Kim","Rory","George","7/28/2020",NA,"White","DB0BC9AJKS",NA
143,"Collins","Kendall","Audrey","8/25/2017","Female","White","NUBQJAQP1Z",NA
144,"Taylor","Emery","","1/22/2018","Male","AIAN","FAXY757J9M",NA
145,"Lopez","Casey","","10/7/2016","Female","Asian","55RNGGDA7D",NA
146,"Cook","Rylan","","6/21/2019","Male","White","Z8UKTRBKMT",1
147,"Torres","Cameron","","2/17/2020","Female","White","E4UART3JDZ",NA
148,"Richardson","Drew","","12/28/2018","Male","White","VG93QIVY6B",1
149,"Martinez","Harper","","9/10/2017","Female","Black","W9BCRCPG9K",NA
150,"Davis-Scott","Logan","","11/20/2020","Male","Asian","X8K444ZC19",1
151,"Thompson-Jones","Avery","","7/19/2018","Female","Asian","G66PRZVGQ7",NA
152,"Martin","Tyler","","4/19/2017","Male","White","5CKQOUO5RP",NA
153,"Murphy","Jordan","","3/15/2016","Female","Asian","U2NBHN0S9K",NA
154,"Gray","Finley","","1/16/2018","Male","NHOPI","0IJCTM5XW0",NA
155,"Wattson","Chelsey","Elizabeth","10/12/2016","Female","","IWULLLAOB8",1
156,"Morris","Spencer","","4/25/2019",NA,"NHOPI","2EW6UH3MM0",1
158,"Evans","Sawyer","","8/8/2017","Male","White","4LDTQNQHHR",NA
159,"Robinson","Alex","","12/29/2019","Female","White","BC89Y3428Q",NA
160,"Parker-Smith","Casey","","11/26/2018","Male","Black","FZ74K5O22Q",NA
161,"Mitchell","Harley","","1/12/2016","Female","White","W9VW6VPX4P",NA
162,"Turner","River","","7/16/2019","Male","White","RQ8PDECN1A",NA
163,"Phillips","Blair","","5/28/2017","Female","Asian","CYZKC2V28F",NA
164,"Rodriguez","Hayden","Christopher","3/11/2018","Male","White","FCEQXZ94QE",1
165,"Hernandez-Cruz","Dakota","","12/23/2020","Female","White","QIBDVQ4D6N",1
166,"Rivera-Flores","Tyler","Aaron","8/4/2018","Male","White","P7FUSEAVB6",1
167,"Scott-Harris","Jamie","","2/6/2017","Female","NHOPI","K0E7SLW089",1
168,"Reed","Cameron","Jonathan","6/1/2019","Male","White","PVFPH8J24O",NA
169,"Hayes-Kim","Avery","Addison","10/27/2016",NA,"White","2F6YF9P54B",NA
170,"Peterson-Hall","Skylar","Samuel","5/15/2020","Male","White","X49TYPBZQE",NA
171,"Powell-Bailey","Riley","Ava","1/19/2018","Female","AIAN","I0W4TECTW5",NA
173,"James-Thomas","Taylor","Clara","12/11/2019","Female","White","6FHSXC4VA5",NA
174,"Rivera","Casey","Ethan","11/8/2018","Male","White","O5QVUHLUMW",1
175,"Carter-Jackson","Aubrey","Ruby","4/9/2016","Female","White","HELUHQBDK5",NA
176,"Ward","Cameron","Jackson","8/1/2017","Male","Black","2KY9T6TWX1",NA
177,"Collins-Jones","Morgan","Piper","11/22/2018","Female","White","B0W7H99UVB",NA
178,"Wright-Anderson","Avery","Alexander","2/25/2019","Male","AIAN","HBU2ZI2S6R",NA
179,"Reyes","Harper","Violet","10/15/2020","Female","NHOPI","U5F4I04H7H",NA
180,"Rodriguez","Devon","Benjamin","5/5/2016","Male","Asian","IXWSAXWHMO",NA
181,"Price","Jules","Fiona","7/5/2019","Female","White","77PBRIQBCI",NA
182,"Butler","Rowan","Jacob","12/8/2016","Male","White","ML9S7HNNE8",NA
183,"Cruz","Kendall","Aurora","9/14/2020","Female","White","70KMQVWK22",NA
184,"Baker-Jones","Arden","Caleb","3/28/2017","Male","White","W9T1X41HSE",NA
185,"Henderson","Sage","Camila","8/11/2018","Female","Asian","PAEYPZDVL9",NA
186,"Smith","Casey","Logan","1/26/2018","Male","White","40DPRAD9A6",NA
187,"Carter-Harris","Jamie","Maya","11/27/2020","Female","White","5VF8P1A9Q1",NA
188,"Parker-Watson","Tatum","Henry","6/30/2018","Male","AIAN","H0Z155641H",NA
189,"Gonzalez-Rodriguez","Dakota","Hadley","10/2/2017","Female","White","KCEVQ6CNL3",NA
190,"Murphy-Johnson","Jesse","Nathaniel","12/26/2019","Male","White","6EXOLWZIU0",NA
191,"Thompson-Ross","Taylor","Sadie","1/1/2017","Female","White","9LW7HSCCG1",NA
192,"Ramirez-Sanchez","Payton","Thomas","4/18/2018","Male","Black","LYWQ6COVIB",NA
193,"Williams-Anderson","Jordan","Leah","7/22/2019","Female","NHOPI","5JXB1LPK97",NA
194,"Martin-Bailey","Morgan","Jack","2/13/2016","Male","AIAN","KI4JJAKF0F",1
195,"Turner-Phillips","Emerson","Natalia","8/6/2020","Female","White","F5TH7G4LA4",NA
196,"Anderson-Lee","Blair","Luke","10/30/2016","Male","NHOPI","82NM3OJ5E2",NA
197,"Miller-Campbell","Sidney","Lauren","12/20/2017","Female","Black","8EU9ND4EZ0",NA
198,"Johnson-Hayes","Finley","Julian","6/11/2019","Male","Black","17X2QDRUTK",1
199,"Thomas-Cooper","Logan","Ellie","4/12/2020","Female","White","WQZICHRC0R",1
200,"Davis-Lopez","Dylan","Isaac","1/8/2017","Male","White","CQZWPWFUEE",NA
201,"Tafiti","Tevita","Manu","8/9/2019","Male","NHOPI","IAFOH62R3X",NA
202,"Toluao","Liana","Tuipulotu","3/20/2018","Female","NHOPI","1ZJGEYA2C0",NA
204,"Mokonu","Ana","Paua","11/8/2019","Female","White","91JJJQMY8W",1
205,"Nuku","Tane","Kamu","4/24/2017","Male","NHOPI","B1J137XIL9",NA
206,"Finau","Leilani","Malia","10/17/2017","Female","NHOPI","7WE2W9Q4CB",NA
207,"Patea","Tuakana","Toa","6/25/2020","Male","NHOPI","MJDIDWOSNP",1
208,"Ika","Nani","Kaiapoi","2/7/2019","Female","NHOPI","P6UO4FT2N1",NA
210,"Tavita","Mele","Kula","5/31/2017","Female","NHOPI","56BZFU5VN5",1
211,"Ngakau","Tama","Kauri","9/5/2019","Male","NHOPI","E4P9XOZQIB",NA
212,"Teura","Sina","Orama","11/30/2017","Female","NHOPI","VWQQUA2N3V",1
213,"Hin","Vai","Fale","1/22/2018","Male","White","RGDHSVCG4A",1
214,"Lupeamanu","Latai","Fusi","3/10/2019","Female","NHOPI","9Z1S9261KR",NA
215,"Tuala","Iakopo","Lutu","8/3/2017","Female","NHOPI","PGTV937P5B",1
216,"Tane","Hinemoa","Atareta","10/11/2018","Female","NHOPI","4RMVMUVSZJ",1
217,"Falevai","Nukualofa","Sione","3/4/2019","Male","NHOPI","4457P2UW80",1
218,"Tanifa","Moana","Faiva","4/8/2020","Female","NHOPI","XG50YA3E1A",NA
220,"Enua","Vaine","","1/18/2017","Female","NHOPI","BVHKR2IQYH",NA
221,"Falelauniu","Tui","","9/28/2018","Male","NHOPI","NELFENJJG3",NA
222,"Pou","Aroha","","5/6/2016","Female","NHOPI","4FZ7O47EJK",1
223,"Uelese","Naea","","2/26/2020","Male","NHOPI","GJQ2PFZ3CB",NA
224,"Amuia","Afa","","12/5/2017","Female","NHOPI","D9857ABAJL",1
225,"Leau","Pita","","6/17/2020","Male","NHOPI","PY3S29L55Z",NA
226,"Aso","Ululoloa","","3/2/2016","Female","NHOPI","FL5I62XS6W",NA
227,"Leilani","Fale","","11/9/2020","Male","NHOPI","8DP3YEWTUX",NA
228,"Taula","Anaseini","","10/22/2017","Female","NHOPI","UUM5KA48SS",NA
229,"Latai","Falefitu","","4/27/2018","Male","NHOPI","6YVZKT2N1G",NA
230,"Tausisi","Vave","","1/12/2019","Female","NHOPI","PMXM98IPPX",NA
231,"Manu","Taua","","8/18/2017","Male","NHOPI","OGEHO4BS27",NA
232,"Lologa","Alisi","","12/17/2018","Female","NHOPI","QE7136HV34",NA
233,"Katoa","Pasi","","11/21/2020","Male","NHOPI","79WSB2TUL5",1
234,"Iaone","Kava","","7/8/2016","Female","NHOPI","ED62W17BRB",1
235,"Tupou","Taimane","Makoa","3/16/2017","Male","NHOPI","EDH3MCFWA2",NA
236,"Faleolo","Sela","Alapati","10/13/2019","Female","NHOPI","46T5CGDABW",NA
237,"Kaipo","Mikaele","Taufa","6/20/2018","Male","NHOPI","4L34LV0GCU",1
238,"Salote","Sela","Siale","4/14/2020","Female","NHOPI","TFK6IO92ZM",NA
239,"Onaona","Toa","Malakai","8/15/2019","Male","NHOPI","NX13886Q6A",1
240,"Puna","Kaleo","A","12/19/2016","Female","NHOPI","I2Q6DMDV6P",NA
241,"Tupo","Lopeti","Tuilevuka","11/4/2017","Male","NHOPI","SZUONUFSCF",NA
242,"Noho","Kie","Hauoli","2/8/2020","Female","NHOPI","0ISSNZLY56",NA
243,"Finau","Lopeti","M","5/23/2018","Male","NHOPI","5L049OUKHN",NA
244,"Lupeamanu","Lila","Mele","9/11/2019","Female","NHOPI","DQ2L80W4NW",NA
245,"Ola","Palefau","Soane","1/8/2017","Male","NHOPI","083S3QPX8K",1
246,"Tuitupou","Fetu","Leilani","6/11/2020","Female","NHOPI","U98JSZYSVI",1
248,"Nafanua","Alamea","Taula","4/4/2019","Female","NHOPI","O9P2LPWC56",NA
249,"Lologa","Fale","Ula","7/30/2017","Male","NHOPI","I1PMS0S5V0",NA
250,"Matakino","Maimoa","Lanihuli","12/24/2020","Female","NHOPI","Y19BZS4XU4",NA
251,"Williams","Jasmine","Michelle","7/12/2016","Female","Black","UFHX0IA57B",NA
252,"Green","Aaliyah","Nicole","9/23/2017","Female","Black","93PJSFIA6F",NA
253,"Thompson","Keisha","Marie","2/15/2018","Female","Black","CP9PFX7LXM",NA
254,"Jenkins","Ebony","Monique","12/7/2019","Female","Black","B1C0WO4DCT",NA
256,"Thomas","Tanisha","Michelle","4/4/2017","Female","Black","NKI5BK5U76",NA
257,"Davis","Desiree","Monique","11/18/2018","Female","Black","AQ676EUH7H",1
258,"Lewis","Sierra","Monae","5/29/2019","Female","Black","7DBFZJ61X3",NA
259,"Allen","Chantelle","Marie","7/26/2016","Female","Black","PB7MA4BBUO",NA
260,"Wright","Kiana","Nicole","10/2/2017","Female","Black","BXF5B928GA",NA
261,"Collins","Shanice","Marie","1/9/2018","Female","Black","4XMX20ZEXK",NA
262,"King","Jasmine","Renee","9/1/2019","Female","Black","MEGT0XXKJ6",NA
263,"Adams","Monique","Danielle","6/7/2016","Female","Black","YQC5VAP7S3",1
264,"Scot","Tia","Renee","3/17/2017","Female","","W2R91395CL",1
265,"Powell","Latisha","Marie","12/1/2018","Female","Black","OMF1FLZAUV",NA
266,"Cooper","Aisha","Nicole","7/8/2019","Female","Black","F48MAZS0U3",NA
267,"Wright","Shakira","Monique","5/14/2016","Female","Black","JQE9ARQ81Y",NA
268,"Richardson","Ciara","Marie","8/5/2017","Female","Black","JA29KI0RIV",1
269,"Reed","Jada","Marie","3/23/2018","Female","Black","9BODD2O49E",NA
270,"Lee","Jazmine","Michelle","11/12/2019","Female","Black","Z4ZU48545O",1
271,"Davis","Malik","Xavier","8/17/2016","Male","Black","MTK0JY996N",NA
272,"Johnson","Jamal","Amir","1/27/2017","Male","Black","ZLBITSMIFK",NA
273,"Wright","Tyrone","Alexander","10/11/2018","Male","Black","IH4LH4K2U9",NA
274,"Jackson","Corey","James","6/20/2019","Male","Black","RDFCBURBWD",1
275,"Carter","Darnell","Maurice","6/1/2016","Male","Black","0H88Q4R9X7",NA
276,"Thompson","DeShawn","Isaiah","2/12/2017","Male","Black","HB6QUKE675",NA
277,"Lewis","Andre","Lamar","9/28/2018","Male","Black","I5WVY4YYAK",1
278,"Brown","Marcus","Anthony","4/3/2019","Male","Black","3ESND4IGDQ",NA
279,"Mitchell","Xavier","","4/10/2018","Male","","1E371ELU76",1
280,"Wilson","Terrence","Michael","11/9/2017","Male","Black","Y5FGOIN7OR",1
281,"Hill","Devni","Isaiah","2/22/2018","Male","Black","0DIVSS9JV9",1
282,"Wright","Clarence","Jerome","10/8/2019",NA,"Black","IAMZB2QAQB",1
283,"Green","Troy","Alexander","10/1/2016",NA,"Black","Z5TZMGVMJ0",NA
284,"Robinson","Reginald","Joseph","7/14/2017",NA,"Black","MVTD26AV0V",NA
285,"Scott","Demetrius","DeShawn","4/28/2018",NA,"Black","ATZ78U3JTF",NA
286,"Anderson","Marquis","Alexander","12/14/2019",NA,"Black","50ZMTFPOWZ",1
287,"Hayes","Jamal","Christopher","8/30/2016",NA,"Black","0LXNQG14P7",NA
288,"Baker","Cedric","Lamar","5/2/2017","Male","Black","Q0P85N2CJS",1
289,"Turner","Maurice","Darnell","11/4/2018","Male","Black","3CTE0PW5FX",NA
290,"Cooper","Jamar","Maurice","6/15/2019","Male","Black","579D82D5GC",NA
291,"Johnson","Dominique","James","3/3/2016","Male","Black","6Z3M0BBP0M",NA
292,"Davis","Rashad","Malik","10/4/2017","Male","Black","DVNWCNTIBH",1
294,"Wright","Rashad","","9/16/2019","Male","Black","GACJBCPS91",NA
295,"Thompson","DeAndre","","7/30/2016","Male","Black","DGBJM897M9",NA
296,"Greene","Michael","","11/1/2017","Male","Black","QP4Y27XP4U",NA
297,"Scott","Christopher","Maurice","2/9/2018","Male","Black","J8Z5EJLBPW",NA
298,"Jackson","Terrance","Alexander","9/23/2019","Male","Black","JI6C9YYUGM",1
299,"Mitchell","Brandon","James","6/10/2016","Male","Black","F1ZF9DX28Z",NA
300,"White","Xavier","Malik","3/24/2017","Male","Black","4Y8UUSAOBA",NA
301,"Smith","Ava","Elizabeth","5/12/2017","Female","Black","HTC1WRDKFU",NA
302,"Johnson","Sophia","Rose","2/28/2017",NA,"White","C8RSUH9UIA",NA
303,"Brown","Emma","Grace","9/6/2019",NA,"Black","848G0F4MW3",NA
304,"Martinez","Mia","Olivia","7/3/2016",NA,"NHOPI","7IZMD9GWPE",NA
305,"Nguyen","Isabella","Marie","10/23/2017",NA,"Black","GD2ND3IVIS",NA
306,"Lee","Charlotte","Alexandra","1/11/2020",NA,"AIAN","KZU8CZJJEL",NA
307,"Davis","Harper","Victoria","4/7/2019",NA,"AIAN","6PQPTKEV6F",NA
308,"Robinson","Amelia","Faith","11/14/2018",NA,"Black","8PZA8FGFJ1",1
309,"Wilson","Abigail","Elizabeth","12/10/2019",NA,"Asian","UPVIF5KXVW",NA
310,"Garcia","Emily","Sophia","8/22/2017","Female","Asian","MMEIWF1FKA",NA
311,"Anderson","Madison","Grace","2/19/2018","Female","NHOPI","IUPUPYVSGQ",NA
312,"Perez","Elizabeth","Marie","11/27/2016","Female","White","V1QNZ4S7YU",NA
313,"Taylor","Scarlett","Amelia","9/8/2020","Female","White","EQAGVNERTG",NA
314,"Martinez","Aria","Madison","4/15/2017","Female","White","CA7QSI2K15",NA
315,"Davis","Evelyn","Faith","3/3/2018","Female","NHOPI","GM0KWHABJB",1
316,"Hernandez","Victoria","Claire","7/27/2019","Female","Black","WKN7T6XZ62",NA
317,"Lee","Chloe","Isabella","12/18/2017","Female","White","A1S2RKTKYJ",1
318,"Kim","Grace","Olivia","8/30/2020","Female","Asian","1WENYOAFYK",NA
319,"Nguyen","Penelope","Elizabeth","11/7/2019","Female","White","X7S0FYHH1S",NA
320,"Anderson","Riley","Nicole","6/29/2016","Female","White","Y29IMI5A5M",NA
321,"Johnson","Aubrey","Sophia","1/28/2017","Female","AIAN","INUTQNM0F7",NA
322,"Kim","Zoey","Elizabeth","10/15/2017","Female","Black","ST9X20TIT9",1
323,"Robinson","Natalie","Marie","2/7/2020","Female","White","BBO21WDOXW",NA
324,"Davis","Harpper","","5/2/2018","Female","White","1KY9QRSMWI",1
325,"Lee","Ariana","Elizabeth","11/26/2020","Female","NHOPI","QACW51TNXW",1
326,"Anderson","Addsion","Grace","9/3/2017","Female","Black","JGJXJFS0RW",1
327,"Hernandez","Peyton","Olivia","7/19/2018","Female","White","J3USEALNN8",NA
328,"Brown","Brooklyn","Marie","12/28/2016","Female","Black","1CR9T83CO7",NA
329,"Davis","Layla","Elizabeth","8/9/2019","Female","Black","CFZ3BHJLHM",NA
330,"Johnson","Savannah","Grace","2/16/2017","Female","White","M9U8GX48OW",NA
331,"Robinson","Claire","Olivia","4/4/2018","Female","White","I1LY35MIRT",1
332,"Garcia","Stella Marie","","10/8/2019","Female","","S7OI2M4VTA",1
333,"Wilson","Autumn","Elizabeth","6/13/2017","Female","White","19BOHIC36U",1
334,"Lee","Paisley","Rose","3/10/2020","Female","White","3FXH4FTJDZ",1
335,"Anderson","Gabriella","Marie","1/22/2019","Female","White","F6CHZN8PFV",NA
336,"Davis","Everly","Sophia","11/18/2018","Female","Black","QMEOKF3XRU",1
337,"Kim","Maya","Elizabeth","9/29/2016","Female","Black","6R7YLB0UHX",NA
338,"Hernandez","Lila","Grace","8/17/2017","Female","White","Y2YHQ2RIVY",NA
339,"Robinson","Julia","Marie","5/24/2020","Female","White","LY43QTBB4R",1
340,"Anderson","Charlie","Elizabeth","12/9/2016","Female","Black","UBIAAIE2RH",NA
341,"Smith","Kaylee","Rose","4/22/2017","Female","White","G54VWMK3P8",NA
342,"Davis","Aubree","","3/5/2018","Female","White","KCBWYJK723",NA
343,"Kim","Anna","","7/29/2019","Female","White","XJBWGYKFDW",NA
344,"Lee","Madelyn","","11/10/2020","Female","AIAN","JNPYUZJ5RB",1
345,"Johnson","Violet","","9/20/2017","Female","Asian","BF4ZUHBRGP",NA
346,"Martinez","Genesis","","1/15/2017","Female","White","M15J1ATL6K",NA
347,"Wilson","Hadley","Elizabeth","10/10/2017","Male","White","3VSRYWB1EW",1
348,"Brown","Eleanor","","2/1/2018","Female","White","Q83N1U8VV8",NA
349,"Anderson","Jasmine","","5/26/2016","Female","Black","656EE81R8O",NA
350,"Davis","Reagan","","8/13/2019","Female","Asian","EHZJ8HR5T3",NA
351,"Robinson","Adalyn","","2/24/2018","Female","Asian","C95AO1XI5P",NA
352,"Lee","Arianna","","11/30/2016","Female","White","B9SMCKZK3W",1
353,"Hernandez","Caroline","","9/12/2020","Female","Asian","6GVSQDT3AP",NA
354,"Kim","Leah","","4/18/2017","Female","NHOPI","12PC5P3Y23",NA
355,"Anderson","Skylar","","3/1/2018","Female","AIAN","QP7UH8PZH9",NA
356,"Martinez","Faith","","7/22/2019","Female","NHOPI","MYTB57BRSU",NA
357,"Davis","Kennedy","Marie","12/20/2017","Female","Black","3V8X90J7FK",NA
358,"Wilson","Clara","Elizabeth","8/25/2020","Female","White","8GC44FP6QU",NA
359,"Lee","Jocelyn","Grace","11/2/2019",NA,"White","UK89R2GKJ2",NA
360,"Brown","Eva","Marie","6/21/2016",NA,"Black","LOEL5PYNUC",NA
361,"Smith","Naomi","Elizabeth","1/24/2017",NA,"White","W3UOT7QWIN",1
362,"Johnson","Samantha","Rose","10/21/2017","Female","White","1NFZB4TZQ7",NA
363,"Davis","Piper","Victoria","2/9/2020","Female","Asian","4RPYAAZ0PC",1
364,"Martinez","Isabelle","Marie","5/4/2018","Female","White","3P1GSA47J0",NA
365,"Kim","Alexandra","Elizabeth","11/29/2020","Female","White","J62AROOURI",NA
366,"Robinson","Hope","Olivia","9/1/2017","Female","White","WBNZWW0Q4A",1
367,"Patel","Emma","Grace","7/13/2018","Female","NHOPI","HX6RMMYUNM",NA
368,"Lee","Eva","Rose","12/24/2016","Female","White","UQ4DAS4WWY",1
369,"Kim","Charlotte","Nicole","8/4/2019","Female","White","0O26U9DCQY",1
370,"Singh","Isabella","Marie","2/13/2017","Female","White","PTADL42OJQ",1
371,"Rodriguez","Olivia","Jade","4/1/2018","Female","AIAN","ESKMUDNJMB",NA
372,"Johnson","Sophia","Lynn","10/13/2019","Female","Black","EGA2C3RIMG",NA
373,"Williams","Amelia","Claire","6/16/2017","Female","White","REXVIYZBJS",1
374,"Davis","Mia","Elizabeth","3/8/2020","Female","White","T62WRLPOL7",NA
375,"Chen","Abigail","Faith","3/15/2019","Female","White","BA745ZZK7Z",NA
376,"Nguyen","Madison","Eve","7/28/2018","Female","Black","MWELQWDR23",NA
377,"Martinez","Emily","Hope","6/3/2016","Female","White","8C9PVCEGFU",NA
378,"Brown","Lily","Anne","11/22/2019","Female","AIAN","KXFMZN7WMH",NA
379,"Garcia","Harper","Jane","12/14/2018","Female","NHOPI","6NE8RZBMZA",1
380,"Smith","Elizabeth","Mae","4/6/2017","Female","Asian","KJPRS5RAE2",NA
381,"Cooper","Chloe","Brooke","8/20/2019","Female","White","HX43OIH0Q9",NA
382,"Miller","Aubrey","Renee","9/2/2018","Female","White","ZQZZTD64EH",NA
383,"Martin","Victoria","Lynn","2/18/2020","Female","White","DTU1AGYJIJ",NA
384,"Wright","Natalie","Jean","10/30/2017","Female","White","SLWFFLN4BF",NA
385,"Hernandez","Addison","","11/9/2018","Female","Asian","2EX5YQ6L8I",NA
386,"Taylor","Penelope","Rae","7/21/2017","Female","White","HDCDMXBMZ9",NA
387,"Lewis","Eleanor","Joy","6/28/2018","Female","White","6AGJW442JP",1
388,"Jackson","Zoey","Louise","1/1/2020","Female","AIAN","9MJAQT34Y4",1
389,"Baker","Grace","","12/7/2016","Female","White","RD9KE4BYLP",NA
390,"Collins","Sam","","5/8/2017","Female","","H0QW2X4EKX",1
391,"Kim","Lila","","3/10/2019","Female","White","WA30CICC6M",1
392,"Chen","Hannah","Noelle","8/23/2017","Female","Black","IBJ0FZJ3SS",NA
393,"Johnson","Piper","Lynn","10/5/2018","Female","NHOPI","XXSQTJGFA0",NA
394,"Lee","Audrey","Faith","2/23/2019","Female","AIAN","97EW5HKYTA",1
395,"Singh","Scarlett","Elizabeth","12/19/2016","Female","White","K3IKGIME5L",NA
396,"Rodriguez","Brook","Jade","4/1/2017","Female","","XS0CEK1VR5",1
397,"Williams","Aurora","Hope","5/26/2019","Female","Black","1ZDABBNTG4",1
398,"Davis","Skylar","Marie","9/16/2018","Female","Black","FVGWX6FEGM",NA
399,"Patel","Savannah","Grace","11/2/2016","Female","White","UB1V6W2UAJ",1
400,"Lee","Julia","Rose","8/10/2020","Female","White","2WCCEOBIJ9",NA
401,"Kim","Caroline","Faith","7/14/2016","Female","Black","LS2O7DOYBO",NA
402,"Singh","Leah","Marie","1/16/2020","Female","White","JEW30KFOL2",NA
403,"Rodriguez","Jade","Alexandra","11/8/2017","Female","Black","L6YSF3YKH0",NA
404,"Johnson","Taylor","Marie","4/4/2019","Female","NHOPI","XMW20PBH5W",NA
405,"Williams","Avery","Faith","9/20/2016","Female","Black","5NDQDQ9I79",NA
406,"Davis","Brielle","","3/27/2018","Female","AIAN","HI6IRME3K3",NA
407,"Chen","Aubree","Nicole","10/24/2020","Female","AIAN","2S7SSF2EE3",NA
408,"Miller","Riley","Brooke","8/11/2016","Female","Black","NY4A08DXM0",NA
409,"Garcia","Peyton","Marie","5/17/2018","Female","Asian","D6CG0C0MPT",NA
410,"Brown","Kennedy","Faith","12/27/2019","Female","Asian","FHQIWDNKON",NA
411,"Martin","Kaylee","Jean","6/13/2017","Female","NHOPI","QMNEEJZQKL",NA
412,"Wright","Alaina","Rose","11/19/2018","Female","White","V82PEAQF5W",1
413,"Hernandez","Hadley","Lynn","2/8/2019","Female","White","8JRFYWSJ0K",1
414,"Taylor","Reese","Hope","10/13/2020","Female","White","MR0SHD439K",1
415,"Smith","Callie","Marie","3/9/2015","Female","NHOPI","ACR8JW8MU1",1
416,"Cooper","Arabel","","7/23/2018","Female","","NZ7PNE38W4",1
417,"Lewis","Paisley","Jane","12/16/2016","Female","White","AFCYG0GULE",1
418,"Jackson","Delaney","Nicole","8/7/2019","Female","Asian","Z9EGDKBUYV",NA
419,"Baker","Madelyn","Mae","9/27/2018","Female","White","MZ5MYHVPZ7",NA
420,"Collins","Molly","Faith","1/12/2017","Female","White","76MH05C4PR",1
421,"Kim","Raelynn","","6/30/2020","Female","AIAN","B3LW6QS76Z",NA
422,"Chen","Adeline","Lynn","11/26/2019","Female","Black","36MUSITP56",NA
423,"Johnson-Lee","Isabelle","Nicole","4/10/2018","Female","","N5BSPNBNDY",1
424,"Lee","Clara","Faith","12/10/2016","Female","White","40OK6LC5BV",NA
425,"Singh","Elsie Mae","","5/24/2017","Female","NHOPI","RZQ8T27ZBY",1
426,"Rodriguez","Lucille","Marie","3/6/2019","Female","Black","QPN6P3CFTL",NA
427,"Williams","Poppy","Rose","8/14/2017","Female","White","7FMOBYQNHJ",1
428,"Davis","Olive","Jean","10/22/2018","Female","Black","SZD9CCUEPD",NA
429,"Patel","Daisy","Lynn","2/28/2020","Female","Black","U1U7DFSBAB",NA
430,"Lee","Sadie","Faith","12/2/2016","Female","White","H2RXVN73G7",NA
431,"Kim","Phoebe","Marie","7/5/2019","Female","White","TKH1LO5H9U",1
432,"Singh","Sienna","Rose","6/15/2018","Female","AIAN","OKCAI5QAQP",NA
433,"Rodriguez","Ivy","Hope","11/14/2017","Female","White","9GWJP3NA7X",NA
434,"Johnson","Alexa","Marie","4/21/2017","Female","White","59N9NO1SSH",1
435,"Williams","Julia","","9/5/2018","Female","White","L67DTP0YM1",NA
436,"Davis","Kennedy","Grace","2/12/2019","Female","Black","JVBSHYKR6A",NA
437,"Chen","Addison","Joy","10/8/2020",NA,"Black","L7MUTLQWF1",NA
438,"Miller","Autumn","Marie","12/22/2016","Female","White","HBJWFCFPH3",1
439,"Garcia","Brooklyn","Jane","5/30/2018","Female","White","E7SYLBHS2G",1
440,"Brown","Claire","Elizabeth","3/1/2017",NA,"Black","3V46RK03H7",1
441,"Martin","Ava","Nicole","8/17/2019","Female","White","IF5D46IL2B",NA
442,"Wright","Piper","Lynn","11/18/2018","Female","White","I7MSMGC0I4",1
443,"Hernandez","Mia","","7/11/2017","Female","White","GG4FI067Q9",NA
444,"Taylor","Leah","Rose","6/19/2019","Female","AIAN","0565QZ1XZJ",NA
445,"Smith","Lily","Marie","1/6/2020","Female","Asian","QZUX9F8A2Z",1
446,"Cooper","Harper","Jean","9/11/2016",NA,"White","F7RGNOIVHA",1
447,"Lewis","Emma","Faith","4/14/2018","Female","White","TQBSLRTB3U",NA
448,"Jackson","Charlotte","Rae","10/17/2017","Female","White","B8I5FS516X",NA
449,"Baker","Amelia","Marie","10/22/2018","Female","Black","D17AIUK9VY",NA
450,"Collins","Olivia","","3/14/2017","Female","Asian","22ZCS223K1",NA
451,"Kim","Sophia","Hope","8/3/2019","Female","Asian","ZUZU0Y7U2A",1
452,"Chen","Isabella","Rose","11/4/2016","Female","White","X09ACHTUYL",NA
453,"Johnson","Emily","Lynn","2/17/2017","Female","Asian","9HFOP37FEO",NA
454,"Lee","Lily","Faith","9/8/2018","Female","NHOPI","C9545W544N",1
455,"Singh","Abigail","","7/25/2016","Female","AIAN","1N6W6FI7UR",NA
456,"Rodriguez","Madison","Hope","4/11/2019","Female","NHOPI","P2NJBCQMVK",NA
457,"Williams","Eleanor","Lynn","1/13/2017","Female","Black","T3DCVO8UOR",NA
458,"Davis","Zoey","Marie","12/27/2018","Female","White","U7BF6GTULM",1
459,"Patel","Grace","Victoria","6/19/2020","Female","White","TKAGYGLFB3",NA
460,"Lee","Sam","Rae","2/24/2019","Female","Black","ATQFZ8IO1U",1
461,"Kim","Lila","Marie","11/10/2017","Female","White","OS4EVT7M8N",NA
462,"Chen","Hannah","Faith","8/1/2018","Female","White","KS0VP22ZNG",NA
463,"Johnson","Piper","Jean","7/12/2019","Female","Asian","YD76G8HWPW",NA
464,"Lee","Audrey","Lynn","10/16/2016","Female","White","G6718BXQ6V",NA
465,"Singh","Scarlett","Faith","3/3/2017","Female","White","CU19L3AQ9P",NA
466,"Rodriguez","Brooklyn","","9/26/2018","Female","White","E400019768",1
467,"Anderson","Jacob","Thomas","5/24/2016","Male","NHOPI","LR6PBBR3TC",NA
468,"Peters","Lucas","Alexander","3/8/2017","Male","White","AFTXZRCRXT",NA
469,"Martin","Michael","David","12/11/2018","Male","White","0VU1K0D2GR",NA
470,"Smith","Benjamin","Ryan","9/4/2019","Male","White","V1YD6TUTRP",NA
471,"Campbell","William","Matthew","2/19/2016","Male","AIAN","OV5SE8X7XU",1
472,"Ramirez","Christopher","Joseph","11/14/2020","Male","Black","BI76WNMAY0",NA
473,"Gonzalez","Daniel","James","8/26/2016",NA,"White","OUE6PALAEU",NA
474,"Brown","Alexander","Anthony","6/30/2018","Male","White","NI97ZX2XHE",NA
475,"Edwards","Matthew","Tyler","1/13/2017","Male","White","3VD74PGX4S",NA
476,"Johnson","David","Samuel","10/8/2019","Male","Black","JVHGUJYNZ0",NA
477,"Martinez","Nicholas","Kevin","5/15/2018","Male","White","VAM9P9FRI0",NA
478,"Wright","Ethan","Benjamin","3/26/2017","Male","AIAN","5I09O3JXVK",NA
479,"Taylor","Ryan","Christopher","11/3/2019","Male","NHOPI","RWG2FQ8LH8",1
480,"Collins","Andie","Joshua","9/16/2016","Male","White","XZ4JV3P88G",1
481,"Green","Nathan","Robert","1/1/2017","Male","White","RUHNGPD2G8",NA
482,"Lee","Joseph","Brandon","7/22/2016","Male","White","7Y9LHXLLZC",1
483,"Hernandez","Jonathan","Eric","2/10/2017","Male","White","DH4XA9AU27",NA
484,"Adams","Jason","A","12/18/2020","Female","White","F6SMJX9ZAC",1
485,"Torres","Brandon","Alexander","10/30/2018","Male","Asian","CAL0TQOH0G",1
486,"Robinson","James","Matthew","5/5/2019",NA,"White","2K1MF99CIS",NA
487,"White","Tyler","Matthew","3/12/2017","Male","White","541WQT7ROP",NA
488,"Perez","Kevin","Alexander","8/5/2016","Male","AIAN","51NKILZ6E6",1
489,"Turner","Adam","Christopher","6/1/2020","Male","White","R2JGWNDF16",NA
490,"Nelson","Caleb","Anthony","2/28/2018","Male","White","2F3ISXZ9ZM",NA
491,"Baker","John","Thomas","12/16/2017","Male","White","PE75TH49YE",NA
492,"Foster","Justin","Michael","9/10/2019","Male","Black","L4R48624FW",1
493,"Powell","Robert","","4/23/2018","Male","NHOPI","1A9GFVMJ45",NA
494,"Rodriguez","Timothy","Steven","11/6/2016","Male","AIAN","8IF3FPR70K",1
495,"Cooper","Christopher","Michael","7/1/2020","Male","White","IP0KORJ2OI",NA
496,"Cartre","Samuel","J","1/9/2019","Male","NHOPI","4FR7XLK364",1
497,"Evans","Gabriel","","8/2/2017","Male","Black","LM536ULCZI",NA
498,"Morris","Zachary","Richard","5/17/2018","Male","Black","H8YEBMSUO5",NA
499,"Young","Alexander","Nicholas","3/19/2017","Male","White","78FAIORMRJ",1
500,"Hall","Dylan","Benjamin","10/19/2016","Male","White","K151G7IL79",1
501,"Wright","Steven","","6/12/2020","Male","Black","Z11YELLQN8",NA
502,"Nelson","Isaac","James","2/6/2019","Male","White","L29HZVX2IE",NA
503,"Lewis","Mason","Joseph","12/8/2020","Male","Black","ARA4LD1II0",1
504,"Anderson","Blake","","9/22/2016","Male","NHOPI","4TXW4JYCDY",1
505,"Torres","Caleb","","4/15/2017","Male","Black","S2OK1J6TCI",NA
506,"Campbell","Anthony","","11/29/2018","Male","AIAN","5V3DXPL3XZ",NA
507,"Rivera","Brian","Matthew","7/19/2016","Male","AIAN","R8UGYYP385",NA
508,"Martinez","Eric","David","1/24/2020","Male","Black","3U3WCZ0BQX",NA
509,"Clark","Cody","Richard","8/30/2017","Male","Asian","R9C0NEQ6LV",1
510,"Collins","Mark","Andrew","6/7/2018","Male","Asian","T6XRE41GO7",NA
511,"Scott","Saen","Mike","3/31/2019","Male","White","VUVVURKNRJ",1
512,"Adams","Lucas","William","10/3/2016",NA,"White","8QYNISSCL4",NA
513,"Green","Logan","Christopher","4/11/2017",NA,"White","J6NCR8TM3U",NA
514,"Wright","Hunter","Joseph","12/14/2020",NA,"White","AJ6MXHIHY8",NA
515,"Cooper","Ethan","Andrew","9/28/2018",NA,"NHOPI","B7AQSCTG3Q",NA
516,"Perez","Tyler","James","2/23/2016",NA,"Black","920SW31TOD",1
517,"Jackson","Ryan","David","11/11/2020","Male","White","B24MRQW8Q9",NA
518,"Johnson","Matthew","Brandon","8/23/2016","Male","Asian","QAHB0H2F37",NA
519,"Wright","David","Christopher","6/27/2018","Male","White","TP8KXZOMJG",NA
520,"Roberts","Nicholas","Joseph","1/1/2020","Male","White","8CY9H4HHB7",1
521,"Baker","Jacob","William","10/14/2019","Male","AIAN","VWTJVN30SA",NA
522,"Davis","Michael","Alexander","5/1/2018","Male","Black","NLEQJNHPCE",NA
523,"Anderson","Benjamin","Tyler","3/5/2017","Male","White","IN7EHZ3G4Q",NA
524,"Martin","Christopher","Andrew","11/26/2019","Male","White","WQ2CADTGJR",NA
525,"Smith","William","Joshua","9/9/2016","Male","NHOPI","I3WCQHOG5H",NA
526,"Ramirez","Daniel","Matthew","4/22/2020","Male","Black","I6W1HMV9JM",1
527,"Johnson","Alexander","David","1/6/2019","Male","White","7ZUTUAZ8M2",NA
528,"Brown","Matthew","Ryan","7/31/2017","Male","Black","DURCCCGX61",NA
529,"Wright","David","Benjamin","5/22/2018","Male","Black","SJOMXY8AMD",NA
530,"Taylor","Nicholas","Christopher","3/24/2017","Male","White","OR41XKOBXJ",1
531,"Hernandez","Ethan","Joe","11/24/2016","Male","White","J8UWDE9K4A",1
532,"Adams","Ryan","Robert","6/16/2020","Male","AIAN","D00TM0Y3QF",NA
533,"Torres","Andrew","James","2/11/2019","Male","White","NELNFUFLEA",NA
534,"Robinson","Nathan","Matthew","12/5/2017","Male","White","VD3WEFID8R",1
535,"Collins","Joseph","Thomas","8/19/2016","Male","White","37UFZXX84F",NA
536,"Nelson","Jonathan","Alexander","1/15/2020","Male","Black","VPPD0GR4ZQ",NA
537,"Lewsi","Jason","Michael","7/4/2017",NA,"Black","HDUJXT0AKE",1
538,"Anderson","Brandon","Eric","4/6/2018","Male","White","H32RV7ZYOQ",NA
539,"Perez","James","Christopher","11/19/2019","Male","White","6J7APYK9AI",NA
540,"Hall","Ty","Anthony","9/2/2016","Male","","RSEOGK8E94",1
541,"Powell","Kevin","Richard","4/11/2016","Male","White","RR7TL12R2E",NA
542,"Rodriguez","Adam","Steven","8/23/2018","Male","White","CLIQZO5HJI",NA
543,"Cooper","Caleb","Michael","2/18/2019","Male","White","K6QKI0DSC4",1
544,"Carter","John","William","10/20/2017","Male","AIAN","4WJB5XIJH3",NA
545,"Evans","Justin","Matthew","12/3/2016","Male","Asian","R5VQU3TDYB",NA
546,"Morris","Robert","Joseph","7/7/2020","Male","White","JY83YBE40M",1
547,"Young","Timothy","Brandon","9/16/2019","Male","White","GNORQ7V8YN",NA
548,"Clark","Christopher","Ryan","1/31/2017","Male","White","OWDSYXK11P",1
549,"Campbell","Samuel","Thomas","5/25/2016","Male","Black","W2R8CATTEC",NA
550,"Rivera","Gabriel","David","8/19/2018","Male","Asian","PO43VQ2AN2",NA
551,"Martinez","Zachary","Christopher","11/22/2016","Male","Asian","AK7YA3N34V",NA
552,"Wright","Alexander","Michael","6/16/2020","Male","White","TE89V3K8A9",NA
553,"Nelson","Dylan","Joseph","10/8/2020","Male","Asian","7VXUCLF81J",NA
554,"Lewis","Steven","Benjamin","3/2/2019","Male","NHOPI","UVVNK20O99",NA
555,"Anderson","Isack","TomTom","7/13/2016","Male","AIAN","HCMF5HU9HP",1
556,"Perez","Mason","Christopher","12/28/2019","Male","NHOPI","ATPKN952SZ",1
557,"Jackson","Blake","Alexander","5/5/2017","Male","Black","6O1QAYD3EG",NA
558,"Johnson","Caleb","William","2/8/2020","Male","White","V4CM6GAVBA",NA
559,"Brown","Anthony","Matthew","11/10/2019","Male","White","USGRJ7WM4E",NA
560,"Ramirez","Brian","David","3/25/2016","Male","Black","MKYPCCH0MI",1
561,"Smith","Eric","Ryan","9/7/2018","Male","White","CDN7GDNJZM",NA
562,"Taylor","Cody","Thomas","1/12/2017","Male","White","W5RVMICDEZ",NA
563,"Hernandez","Mark","Joseph","8/4/2020","Male","Asian","1B4YLRAUGQ",NA
564,"Adams","Sean","Christopher","4/14/2018","Male","White","F8TERRRGG0",NA
565,"Collins","Lucas","Tyler","11/7/2017","Male","White","HSN492TJ5C",NA
566,"Green","Logan","Michael","7/10/2019","Male","White","LYA047OT9O",NA
567,"Edwards","William","Patrick","12/10/2020","Male","NHOPI","9I8P7JFHCF",1
568,"Miller","Tyler","James","5/14/2016","Male","White","0NYZDCEM3R",1
569,"Johnson","Ryan","Michael","10/2/2018","Male","White","K79O3RZ69H",NA
570,"Lee","Benjamin","David","2/16/2017","Male","White","U0US7TJC2W",NA
571,"Campbell","Nicholas","Alexander","8/26/2017","Male","AIAN","TAVAB49Z5I",NA
572,"Ross","Christopher","Matthew","1/20/2020","Male","Black","3NWOETBGZD",1
573,"Parker","Samuel","Robert","6/23/2019","Male","White","9FZV62OSRL",NA
574,"Wright","Timothy","John","11/11/2018","Male","White","AQKCHYTFES",1
575,"Turner","Jonathan","Andrew","4/27/2020","Male","White","I02VU6EMNA",NA
576,"Anderson","Jacob","Thomas","9/6/2017","Male","Black","FNVKZ9NI9E",NA
577,"Brooks","Alexander","Joseph","2/12/2016","Male","White","BTFYFJZZT0",1
578,"Martinez","Matthew","Richard","7/24/2019","Male","AIAN","FLGTX2VQN4",NA
579,"Evans","Nathan","William","10/15/2020","Male","NHOPI","J14AWE769V",NA
580,"King","Brandon","Tyler","3/4/2017","Male","Asian","DV3IAOIAF5",NA
581,"Brown","David","Christopher","8/1/2016","Male","White","1XNCXH9TGA",NA
582,"Murphy","Daniel","Edward","12/21/2019","Male","White","ME87F4OJYR",NA
583,"Green","Justin","Aaron","6/30/2016","Male","White","9PHMPV8VHZ",NA
584,"Foster","Kevin","Anthony","11/19/2020","Male","White","3UCGF681BC",NA
585,"Reynolds","Andrew","Paul","5/17/2018","Male","Asian","7M8151O9LM",NA
586,"Hayes","Adam","William","2/3/2019","Male","White","SG6YGJXRZ0",1
587,"Ortiz","Zachary","Michael","10/29/2017","Male","White","MHAYNWJACP",NA
588,"Gutierrez","Eric","Jonathan","12/16/2016","Male","AIAN","VA2U2YF715",NA
589,"Collins","Steven","Joseph","7/2/2020","Male","White","9PXR1MF92J",1
590,"Lee","Joseph","Edward","9/22/2019","Male","White","8RAMGZ7KF9",NA
591,"Hernandez","Jason","William","1/11/2017","Male","White","5AKV1ON5F6",NA
592,"Watson","Christopher","John","8/15/2018","Male","Black","EQLWPC3KFB",1
593,"Cox","Ryan","Alexander","11/28/2016","Male","NHOPI","D6NNRIDTVS",1
594,"Gomez","Charles","Matthew","6/3/2020","Male","AIAN","TR297N5XFW",NA
595,"Hill","Joshua","Samuel","10/22/2019","Male","White","NORX5IU1BH",NA
596,"Sanders","Jacob","Anthony","3/19/2016","Male","NHOPI","2DJ9MNXR4S",NA
597,"Perry","William","Alexander","7/28/2018","Male","Black","75SCRGHZO9",NA
598,"Nelson","Matthew","Tyler","2/26/2020","Male","Black","EKU57TIQVX",NA
599,"Adams","Alexander","Benjamin","11/4/2017","Male","White","1W6FWXSA3R",NA
600,"Wright","Benjamin","James","5/7/2016","Male","White","89SNVIW5CV",NA
601,"Carter","Michael","Christopher","8/10/2018","Male","Black","SM97VM7SZJ",NA
602,"Roberts","Nicholas","Daniel","1/23/2017","Male","White","NBQNMDKPHX",NA
603,"Scott","Joseph","David","8/30/2020","Male","Black","ADW66NDWVD",NA
604,"Bennett","Andrew","Alexander","4/7/2018","Male","NHOPI","LUZAET2WZ2",NA
605,"Ramirez","Samuel","Isaac","11/1/2017","Male","Black","MPNPGE5PZ9",NA
606,"Mitchell","Timothy","","7/20/2019","Male","AIAN","XLMLZ8E1LJ",NA
607,"Hall","David","","12/6/2020","Male","AIAN","CBIY4SM2LW",NA
608,"Davis","Kevin","","5/10/2016","Male","Black","D6SUY1B4LY",NA
609,"Flores","Brandon","","9/30/2018","Male","Asian","TLMWJTGK22",1
610,"Clark","Daniel","","2/20/2017","Male","Asian","C9IH1VMAHH",1
611,"Bailey","Tyler","","8/6/2017","Male","NHOPI","PXV8S6Q4FJ",NA
612,"Wright","Justin","","1/14/2020","Male","White","CX9AKSWMUR",NA
613,"Turner","Chris ","William","6/27/2019","Male","White","P4UUZUH13E",1
614,"Hernandez","Ryan","","11/18/2018","Male","White","IPAH5CMG4H",NA
615,"Cooper","Zachary","","12/13/2019","Male","NHOPI","3R2IUBEIHL",1
616,"Ward","Eric","","8/2/2017","Male","Black","5EAO2TIKK1",1
617,"Carter","Stephen","","11/14/2018","Male","White","AIE1M662KI",NA
618,"Diaz","Joseph","Michael","4/28/2019","Male","Asian","1EBDMDHEYF",NA
619,"Reyes","William","Andrew","6/8/2017","Male","White","JY58IHK9SN",1
620,"Colins","Jacob","Chris","7/4/2018","Male","White","33P95RKXKN",1
621,"Coleman","Matthew","Ryan","3/22/2017","Male","AIAN","A0KO3J54JQ",1
622,"Reyes","Alexander","Nicholas","9/11/2016","Male","Black","2FH2995J88",NA
623,"Baker","Benjamin","Paul","5/3/2018",NA,"White","2V8SP5C49L",NA
624,"Smith","Mike","S","2/1/2017","Male","","WYKW54WO13",1
625,"Foster","Nicholas","David","11/17/2020",NA,"NHOPI","Z8TUS7CH84",NA
626,"Sullivan","Charles","Joseph","6/12/2019",NA,"Black","H46O0MPY7Z",1
627,"Hernandez","Joshua","Anthony","8/19/2017",NA,"White","T4TEXYW0GI",NA
628,"Powell","Jacob","Alexander","1/20/2018",NA,"Black","OFG519S67Y",NA
629,"Kim","William","Joseph","10/24/2018",NA,"Black","EN06NRAE5T",1
630,"Peterson","Matthew","Tye","7/13/2019","Male","","HFAWRIO9GF",1
631,"Wood","Alexander","Eric","9/27/2016","Male","White","ZU6DY9FE00",NA
632,"Ross","Benjamin","David","2/26/2018","Male","AIAN","Y5KGGEB72U",NA
633,"Henderson","Mike","Timothy","3/12/2017","Male","White","HZLZSBVZRI",1
634,"Wallace","Nicholas","Christopher","12/8/2016","Male","White","9M59KM7HMB",NA
635,"Cox","Joseph","Jonathan","11/29/2019","Male","White","N5IN6L9YYM",1
636,"Ortiz","David","Thomas","4/19/2016","Male","Black","L11D2LNZNE",NA
637,"Brown","Kevin","Paul","9/9/2018","Male","Black","ROYRA2G91E",1
638,"Green","Brandon","Anthony","7/24/2020","Male","White","DN0B2TXL97",1
639,"Flores","Daniel","Andrew","10/8/2017","Male","White","IIKS8LZKNZ",NA
640,"Reed","Tyler","Robert","2/9/2019","Male","Black","DZQRI5K6EQ",NA
641,"Wood","Justin","Patrick","","Male","White","JQEL7UTT91",1
642,"Lee","Christopher","Jonathan","8/10/2020","Male","White","8QHTGNZE72",NA
643,"Davis","Ryan","Anthony","6/25/2019","Male","White","D3FGFP0G1A",NA
644,"Perez","Zachary","David","1/10/2017","Male","AIAN","WYKGAFC1TP",NA
645,"Jones","Eric","Michael","10/4/2018","Male","Asian","J02O37QDDH",NA
646,"Davis","Stephen","Christopher","","Male","White","BGD6I5JA9D",NA
647,"Smith","Joseph","Alexander","3/2/2019","Male","White","ZOCSGA5BFN",NA
648,"Johnson","William","Benjamin","12/6/2018","Male","White","60K9QDS4XX",NA
649,"Anderson","Jacob","Matthew","5/30/2017","Male","Black","6HJP6WMUUH",NA
650,"Taylor","Matthew","David","9/15/2019","Male","Asian","28M6R56OXA",NA
651,"Garcia","Alexander","Joseph","8/31/2017","Male","Asian","DTBZAGWE94",NA
652,"Wright","Benjamin","Ryan","1/3/2020","Male","White","A3BGAXWFGH",NA
653,"Robinson","Michael","John","11/25/2018","Male","Asian","S0CGDHFELJ",NA
654,"Miller","Nick","A","7/8/2016","Male","NHOPI","OGLJJK5NSQ",1
655,"Scott","Charles","Daniel","6/18/2018","Male","AIAN","OUE0KZTDH1",NA
656,"Nelson","Joshua","James","10/13/2017","Male","NHOPI","4I7V22EFLA",NA
657,"Thompson","Jacob","Timothy","3/16/2018","Male","Black","MTNKV878O4",1
658,"Baker","William","Samuel","12/10/2016","Male","White","TAB6SDGWYX",NA
659,"Martinez","Matthew","Andrew","8/24/2020","Male","White","H6VRDHJMER",NA
660,"Wright","Alexander","David","9/6/2019","Male","Black","XRJWYGJ6HD",1
661,"Hernandez","Benjamin","Tyler","5/12/2018","Male","White","XO6C64ZLA8",1
662,"Cooper","Michael","Patrick","2/22/2017","Male","White","YHPINACP0D",NA
663,"Lee","Nicholas","Christopher","10/31/2019","Male","Asian","2CL4JHB529",NA
664,"Adams","Joseph","Eric","11/5/2017","Male","White","NVZW9S3756",NA
665,"Davis","David","Ryan","6/5/2016","Male","White","8KJS6QYBAU",NA
666,"White","Kevin","Jacob","12/28/2020","Male","White","IH94F9CUPO",1
667,"Li","Rina","Mei","","Female","Asian","WWSLTP6BGF",NA
668,"Nakamura","Yuna","Hana","9/9/2019","Female","Asian","FG32A1BALO",NA
669,"Tanaka","Junpei","Toshiro","5/21/2018","Male","Asian","WVYV0G5IA7",NA
670,"Wei","Li","Chen","2/28/2016","Female","Asian","UDRC2BRPOA",NA
671,"Park","Kim","","10/15/2018","Female","Asian","089J5GRUOM",1
672,"Yamamoto","Ryu","","6/13/2017","Male","Asian","M2S35CSYTX",NA
673,"Zhang","Mei","","8/5/2019","Male","Asian","O2DU8ZV5YS",NA
674,"Liu","Jia","","1/22/2016","Male","Asian","78YCJ0U655",NA
675,"Kim","Sun","","11/30/2017","Male","Asian","KPHWUWXF5D",NA
676,"Nakameura","Satoru","","3/14/2018","Male","Asian","0U285KYQ75",1
677,"Nakamura","Aiko","Misaki","7/23/2019","Female","Asian","W7YXRFLRYD",NA
678,"Cho","Dae-Hyun","Wei","4/1/2016","Female","Asian","3LFCK3KESO",NA
679,"Chong","Sienna","Lee","12/6/2017",NA,"Asian","IVNABBVDDE",NA
680,"Zhang","Tao","Wei","8/25/2018","Male","Asian","1XU2MQXVT5",1
681,"Ito","Shinichi","Nakamura","2/7/2019","Male","Asian","NCKLX9BO7M",1
682,"Tanaka","Kojiro","Akira","6/1/2016","Female","Asian","XH8E1WP6RS",NA
683,"Kim","Hae-Won","Kim","10/19/2017","Male","Asian","5R7V7JIU9A",NA
684,"Nakamura","Yuta","Takeshi","","Male","Asian","0DUH2WJEQK",NA
685,"Kato","Hanako","Wei","9/12/2019","Male","Asian","A5H93R5WJM",NA
686,"Chen","Liu","Mei","7/2/2016","Female","Asian","WWXGSV4MUO",NA
687,"Kim","Hyun-woo","Woo","11/27/2017","Female","Asian","9DYIVPTKB9",NA
688,"Wang","Jian","Huang","3/9/2018","Male","Asian","TXSNFI8ZN8",NA
689,"Nakamura","Ayumi","Yumi","5/4/2019","Male","Asian","A50MU65IML",NA
690,"Kim","Seung-Hee","Lee","9/15/2016","Male","Asian","1ST3OATY8Q",1
691,"Li","Jing","Wei","1/10/2018","Male","Asian","H9K8W0DEAS",NA
692,"Matsuda","Yuki","Suki","11/4/2019","Female","Asian","YQ0QZ46G1K",1
693,"Kim","Ji","H","8/17/2016","Female","Asian","3C61JVGQUC",1
694,"Sato","Takeshi","Haug","12/21/2017","Male","Asian","M2PJGTP9WE",NA
695,"Liu","Zhang","Jun","6/27/2018","Male","Asian","NKS61R8DPH",1
696,"Ito","Mai","Jun","2/19/2019","Female","Asian","4B5P42JM8X",NA
697,"Lee","Joon-Young","Yin","5/7/2016","Female","Asian","Y6669FGLIB",NA
698,"Tanaka","Hanae","So","11/22/2017","Female","Asian","Q56N2HOG5S",1
699,"Park","Tae-Woo","Hu ","3/27/2018","Male","Asian","O0S5FPRFX1",NA
700,"Yamamoto","Ryota","Hu","7/15/2019","Male","Asian","T1SY370AP3",NA
701,"Garcia","Ana","Sofia","2/14/2016","Female","Black","TMCYFU3EKB",NA
702,"Martinez","Isabella","Maria","7/23/2018","Female","White","53FA7WYBGX",NA
703,"Rodriguez","Andrea","Gabriela","5/6/2019","Female","Black","0Y2M7YTUEH",NA
704,"Hernandez","Natalia","Valentina","11/9/2017","Female","NHOPI","XE6I694ZL2",NA
705,"Chavez","Carmen","Elena","3/3/2016","Female","Black","BNROE3E1M1",NA
706,"Alvarez","Camila","Fernanda","12/29/2016","Female","AIAN","QDVYWLY16W",NA
707,"Lopez","Lucia","Raquel","9/20/2019","Female","AIAN","FQKPY3APU8",1
708,"Gomez","Mariana","Teresa","10/11/2017","Female","Black","2RIZARQRJR",NA
709,"Ortiz","Gloria","Beatriz","8/12/2018","Female","Asian","PS7PZXGYIM",1
710,"Torres","Alejandra","Jimena","7/13/2020","Female","Asian","Q3NYSU9I0S",NA
711,"Morales","Emilia","Esperanza","4/4/2018","Female","NHOPI","FHL2K5Q6M7",NA
712,"Vargas","Daniela","Celeste","1/21/2017","Female","White","9Q082ZICY3",NA
713,"Castro","Bianca","Estrella","5/5/2019","Female","White","P8A4UX4W9G",NA
714,"Flores","Vanessa","Estefania","12/5/2016","Female","White","LUU5M8JYFA",NA
715,"Reyes","Carolina","Graciela","11/1/2018","Female","NHOPI","F21MR2U1TP",NA
716,"Silva","Dalia","Noemi","2/26/2017","Female","Black","1X6YVX9V4L",NA
717,"Gonzalez","Ximena","Guadalupe","9/30/2019","Female","White","8VFGX6WD1O",1
718,"Pacheco","Lorena","Patricia","6/17/2018","Female","Asian","EBYXSK6AU2",1
719,"Ramirez","Adrian","R","10/21/2020","Female","White","CT7CUBO7BI",1
720,"Escobar","Fernanda","Monserrat","8/9/2017","Female","White","EJYHM4HIGG",NA
721,"Navarro","Ana","Cecilia","3/31/2016","Female","AIAN","M50VXKOY88",1
722,"Velazquez","Isadora","Renata","7/25/2019","Female","Black","JV1UXS9LVG",1
723,"Cortez","Ana","Paula","11/8/2018","Female","White","WFND20VY3V",NA
724,"Camacho","Rachel","Sofia","2/2/2020","Female","White","ZOB4Q6S32G",1
725,"Acosta","Daniela","Rocio","12/26/2017","Female","NHOPI","WVW407E1DJ",NA
726,"Fuentes","Sofia","Esperanza","6/11/2016","Female","Black","FVWIJW8YVG",1
727,"Mendoza","Amalia","Juana","9/7/2018","Female","White","K893ZF3PFB",NA
728,"Medina","Marisol","Cristina","5/20/2017","Female","Black","K27UNOB2JS",NA
729,"Aguilar","Anabel","Lourdes","3/9/2019","Female","Black","WNT1JPAJ5F",1
730,"Zamora","Priscila","Luz","10/28/2020","Female","White","JERN4WXRSS",NA
731,"Rios","Gabriela","Adriana","8/17/2016","Female","White","LD34UOEV20",NA
732,"Maldonado","Leticia","Antonella","7/28/2018","Female","AIAN","WDP1INO0EL",NA
733,"Delgado","Victoria","Estrella","1/15/2019","Female","White","2GYOLKSVGC",NA
734,"Nunez","Estefania","Julieta","4/22/2017","Female","White","XF1NCZUJKV",NA
735,"Cervantes","Miriam","Eloisa","12/4/2016","Female","White","4GORKDSOKA",NA
736,"Beltran","Beatriz","Maria","11/30/2018","Female","Black","G52RED0QUA",NA
737,"Ochoa","Aurora","Graciela","2/20/2017","Female","Black","EUSPD3FOQZ",NA
738,"Villegas","Maritza","Rosalinda","9/23/2019","Female","White","7JGXK50E06",NA
739,"Serrano","Carmen","Rosa","6/28/2018","Female","White","SGHH4PUAHC",NA
740,"Pena","Paola","Karina","10/7/2020","Female","Black","WZG8H7B9C4",NA
741,"Zavala","Maria","Fernanda","8/2/2017","Female","White","IJRP73WC43",NA
742,"Rangel","Alejandra","Esperanza","3/19/2016","Female","White","JL58JH6OGF",NA
743,"Quiroz","Andrea","Liliana","7/6/2019","Female","White","TXYIBRTO61",NA
744,"Navarrete","Ana","Luisa","11/23/2018","Female","AIAN","9EAUIK61RH",NA
745,"Osorio","Isabella","Ariana","2/15/2020","Female","Asian","5CS1LDQL5J",NA
746,"Reyes","Antonia","","12/16/2016","Female","White","QMSC8EBBJF",1
747,"Chavez","Natalia","Regina","6/24/2016","Female","White","VWK3L2CIT3",NA
748,"Dominguez","Lucia","Marcela","9/2/2018","Female","White","SAWF1FAB2P",NA
749,"Peralta","Sofia","Griselda","5/15/2017","Female","Black","SW5LESDMBJ",NA
750,"Aguayo","Cammy","J","3/16/2019","Female","","8MJSEFG8UA",1
751,"Roman","Daniela","Gabriela","10/15/2020","Female","Asian","BTQLD8LTLK",1
752,"Ramos","Ximena","Luz","8/30/2016","Female","White","DMKTJK3C6P",NA
753,"Velasco","Andrea","Yaretzi","7/8/2018","Female","Asian","EBNAF29WW5",1
754,"Espinoza","Fernanda","","1/9/2019","Male","","8TC1CNQHT0",1
755,"Moreno","Gloria","Xochitl","4/7/2017","Female","AIAN","9KHFPJYSE3",1
756,"Sepulveda","Emilia","Ivonne","12/10/2016","Female","NHOPI","MUXMN5VCQJ",1
757,"Zepeda","Alejandra","Nohemi","11/29/2018","Female","Black","DWT4P71TP7",NA
758,"Mora","Dalia","Marina","2/12/2017","Female","White","GAZ2G0N9R1",NA
759,"Saucedo","Carolina","Josefina","9/15/2019","Female","White","8K83D28L11",NA
760,"Castro","Lorena","Evangelina","6/3/2018","Female","Black","N1A63W37FJ",NA
761,"Torres","Adriana","Esperanza","10/31/2020","Female","White","5AP5J8NJS6",NA
762,"Meza","Bianca","Guadalupe","8/5/2017","Female","White","F62YS4CECZ",NA
763,"Garcia","Vanessa","Andrea","3/25/2016","Female","Asian","DCKDHML03O",NA
764,"Gutierrez","Mariana","Ana","7/12/2019","Female","White","IZZM8HC3KL",NA
765,"Olivares","Ana","Maria","11/14/2017","Female","White","PRE5618TPY",NA
766,"Rosales","Isadora","Daniela","2/8/2020","Female","White","JJ7DDLO50E",NA
767,"Navarro","Ana","Paola","12/18/2017","Female","NHOPI","NPHUSCM21J",NA
768,"Sanchez","Raquel","Patricia","6/2/2016","Female","White","8DYP660GRJ",NA
769,"Cortez","Daniela","Alejandra","9/8/2018","Female","White","2O2HXEGO34",NA
770,"Marqeuz","Sofia","R","5/18/2017","Female","White","M3GQPY72ZZ",1
771,"Herrera","Amalia","Belen","3/23/2019","Female","AIAN","GFP4ZZCEU0",NA
772,"Barrera","Marisol","Esther","10/16/2020","Female","Black","YV6X831G38",1
773,"Mirnada","Anna","G","8/23/2016","Female","White","V37GXQVGH8",1
774,"Valenzuela","Priscila","Ana","7/31/2018","Female","White","BJXDWPKHV2",1
775,"Guerrero","Gabby","Susana","5/8/2017","Female","White","8CAODYOTZD",1
776,"Valencia","Leticia","Itzel","11/4/2017","Female","Black","NCTKIL62NL",1
777,"Escamilla","Victoria","Alejandra","4/17/2016","Female","White","F5P9W2QO1H",NA
778,"Aguilar","Estefania","Monica","12/30/2019","Female","AIAN","UZNFSHN2EA",NA
779,"Barron","Miriam","Guadalupe","8/13/2016","Female","NHOPI","2FAD93DG47",NA
780,"Bautista","Beatriz","Jazmin","10/24/2020","Female","Asian","76VPMZE91C",NA
781,"Ponce","Aurora","Yolanda","9/9/2019","Female","White","T6AO83A5EF",NA
782,"Soto","Maritza","Marcela","3/16/2018","Female","White","CT1E4YFK7C",NA
783,"Camargo","Carmen","Lucia","2/2/2017","Female","White","L7MIUDQ196",NA
784,"Montes","Paola","Abril","11/7/2019","Female","White","U9JT3F6POC",NA
785,"Barajas","Maria","Fernanda","1/27/2018","Female","Asian","5UNZ1BV058",NA
786,"Otero","Alejandra","Lorena","12/29/2018","Female","White","LCJ2WY4W0U",NA
787,"Garcia","Luis","Miguel","6/14/2020","Male","White","DDHVHXVH86",NA
788,"Rodriguez","Juan","Carlos","10/7/2017","Male","AIAN","F4X7K1INMX",NA
789,"Hernandez","Jose","Antonio","7/11/2016","Male","White","JCJXIIWB1O",NA
790,"Martinez","Antonio","Javier","12/6/2018","Male","White","0FD013UGY9",NA
791,"Gonzalez","Miguel","Angel","1/12/2017","Male","White","Y6K4M0FL8T",NA
792,"Flores","Carlos","Eduardo","8/22/2018","Male","Black","IW4DP9SPVM",NA
793,"Perez","Alejandro","Jose","6/27/2019","Male","NHOPI","VM8FB66JSI",1
794,"Diaz","Jose","Luis","9/23/2020","Male","AIAN","ZXU4ABTJGC",NA
795,"Ortiz","Andres","Francisco","3/8/2017","Male","White","RRLGOA8GSW",NA
796,"Torres","Ricardo","Daniel","12/17/2017","Male","NHOPI","7ZM2AVMYQ4",1
797,"Ramirez","Hector","Manuel","5/19/2018","Male","Black","3WNM0B95ON",NA
798,"Castro","Mario","Alberto","11/3/2018","Male","Black","6V9LAU6U7K",NA
799,"Ortiz","Gabriel","Ignacio","2/13/2017","Male","White","CO2VG4ZBJV",NA
800,"Torres","Victor","Manuel","8/5/2019","Male","White","IA7QK7PD68",NA
801,"Gonzalez","Jose","Eduardo","4/2/2020","Male","Black","4JZNKL0TR2",1
802,"Chavez","Luis","Alberto","10/18/2017","Male","White","XQ9QLLVPQG",NA
803,"Diaz","Francisco","Javier","7/22/2018","Male","Black","EG68DP4NCQ",1
804,"Hernandez","Juan","Pablo","12/14/2019","Male","NHOPI","BE1R9M8RFP",1
805,"Martinez","Manuel","Alejandro","3/28/2016","Male","Black","3V42VIYY5X",1
806,"Rodriguez","Javier","Alonso","11/20/2020","Male","AIAN","YJM1O57U6D",NA
807,"Ramirez","Jose","Mario","5/5/2017","Male","AIAN","7Y0P5OCD1R",NA
808,"Cruze","Fernando","A","8/29/2016","Male","","NQY85NNV7P",1
809,"Alvarez","Roberto","Jesus","4/25/2018","Male","Asian","V4URPMJCVU",NA
810,"Flores","Santiago","Jose","9/28/2019","Male","Asian","NF699TZGFR",NA
811,"Hernandez","Rico","Alo ","1/22/2018","Male","NHOPI","YVC80NMDCF",1
812,"Castro","Dan","","12/13/2018","Male","White","NR333VZ69A",1
813,"Ramirez","Pedro","Pablo","6/6/2020","Male","White","PBOMHXC76K",1
814,"Torres","David","Alejandro","10/2/2017","Male","White","KTAZCHE55S",NA
815,"Chavez","Juan","Manuel","7/6/2016","Male","NHOPI","2E7E9NG6GA",NA
816,"Ruiz","Jose","Antonio","12/10/2018","Male","Black","61HWSBMIR5",NA
817,"Medina","Felipe","Andres","1/5/2017","Male","White","WQEO9E4TVA",NA
818,"Gonzalez","Angel","Luis","8/16/2018","Male","Asian","OTJFW9QNAV",1
819,"Ortiz","Victor","Hugo","6/20/2019","Male","White","LDJFFJK776",1
820,"Torres","Jorge","Antonio","9/16/2020","Male","White","3GQN8C8JLN",NA
821,"Rodriguez","Gabriel","Eduardo","3/1/2017","Male","AIAN","NKCQ88SSX4",1
822,"Sanchez","Miguel","Angel","11/13/2017","Male","Black","GBYY70OC83",NA
823,"Rivera","Carlos","Enrique","5/25/2018","Male","White","QCOT7JC17L",NA
824,"Martinez","Jose","Daniel","11/9/2018","Male","White","Q1S2KIMGZ3",NA
825,"Hernandez","Luis","Fernando","2/19/2017","Male","NHOPI","1NLYHQNKP5",NA
826,"Ramos","Guillermo","Antonio","8/11/2019","Male","Black","6Q9D4IZN02",1
827,"Garcia","Alejandro","Francisco","4/8/2020","Male","White","KW7ZFN6JVD",NA
828,"Alvarez","Jose","Ramon","10/24/2017","Male","Black","YX5NV50LCR",NA
829,"Cruz","Hector","David","7/28/2018","Male","Black","UQLLAAYUP3",1
830,"Rodriguez","Ricardo","Jose","12/21/2019","Male","White","ITO0ZOPQQR",1
831,"Ramirez","Manuel","Alejandro","3/14/2016","Male","White","ENBFKZGIU3",NA
832,"Flores","Juan","Antonio","11/26/2020","Male","AIAN","R60F253BL3",1
833,"Ortiz","Andres","Eduardo","5/11/2017","Male","White","QJTDWKDIEV",NA
834,"Gonzalez","Luis","Enrique","8/4/2016","Male","White","T37F1THWX2",1
835,"Torres","Jose","Alberto","4/10/2018","Male","White","VDW5AG8IPI",NA
836,"Cruz","Fernando","Jose","9/13/2019","Male","Black","JZH3OT85SG",NA
837,"Ramirez","Javier","Arturo","1/17/2018","Male","Black","79LR7ZL0D5",1
838,"Hernandez","Roberto","Antonio","12/6/2018","Male","White","F0EMTH4WWQ",1
839,"Perez","Santiago","Luis","6/30/2020","Male","White","1BO7SS4KHX",NA
840,"Ortiz","Ricardo","Gabriel","10/11/2017","Male","Black","RE794O4THX",NA
841,"Castro","Daniel","Alberto","7/15/2016","Male","White","MC0L60R6BS",NA
842,"Ramirez","Pedro","Antonio","12/19/2018","Male","White","4WS2WRRB1K",NA
843,"Torres","David","Alejandro","1/14/2017","Male","White","2Q2621FPEH",NA
844,"Chavez","Juan","Carlos","8/25/2018","Male","AIAN","IXVWV25ITI",1
845,"Diaz","Jose","Luis","6/1/2019","Male","Asian","N6RJPU1RZL",NA
846,"Medina","Felipe","Andres","9/27/2020","Male","White","ES9YDY5SNV",NA
847,"Gonzalez","Angel","Luis","3/5/2017","Male","White","YIRTR2RTZ2",NA
848,"Ortiz","Victor","Hugo","11/17/2017","Male","White","8FECKY9I2S",NA
849,"Torres","Gorge","A","2/23/2016","Male","","0AIX6NKAXR",1
850,"Rodriguez","Gabriel","Eduardo","9/5/2018","Male","Asian","OVISYKWB0C",NA
851,"Sanchez","Miguel","Angel","6/13/2017","Male","Asian","0U9IRPCYQ1",1
852,"River","Carlos","Enrique","3/14/2019","Male","White","NGZRR8440O",1
853,"Martinez","Jose","D","11/18/2018","Male","Asian","32FBMH8YDN",1
854,"Hernandez","Luis","Fernando","12/14/2019","Male","NHOPI","1CJEZ7KUEC",NA
855,"Ramos","Guillermo","Antonio","7/21/2017","Male","AIAN","6EC485IBII",NA
856,"Garcia","Alejandro","Francisco","1/30/2018","Male","NHOPI","M8NTJ72CDQ",NA
857,"Alvarez","Jose","Ramon","8/10/2020","Male","Black","EBOPS9MBYQ",NA
858,"Cruz","Hector","David","11/8/2018","Male","White","YTIED1BMIC",NA
859,"Rodriguez","Ricardo","Jose","4/11/2017","Male","White","CK101UB8AQ",NA
860,"Ramirez","Manuel","Alejandro","9/14/2019","Male","Black","CYOQKZ01KD",NA
861,"Flores","Juan","Antonio","5/27/2018","Male","White","4D4IX3XMUL",NA
862,"Ortiz","Andres","Eduardo","6/28/2019",NA,"White","8HQJTOTQUP",1
863,"Gonzalez-Jose","Luis","E","11/21/2017","Male","White","JLFZY37KPC",1
864,"Torres","Jose","Alberto","1/2/2017","Male","White","GZZX2F1P5Q",NA
865,"Cruz","Fernando","Jose","8/15/2018","Male","White","P0UBXPE2ET",NA
866,"Ramirez","Javier","","3/19/2019","Male","","8SO9YYXI7S",1
867,"Hernandez","Roberto","Antonio","2/4/2018","Male","NHOPI","6LCL31JINM",NA
868,"Perez","Santiago","Luis","11/28/2017","Male","White","282JDRPVFS",NA
869,"Ortiz","Ricardo","Gabriel","5/5/2018","Male","White","3W6O013GWB",1
870,"Castro","Daniel","Alberto","3/27/2019","Male","White","S6QPQ69YSP",NA
871,"Ramirez","Pedro","Antonio","12/2/2017","Male","AIAN","K59GA6JJLP",NA
872,"Torres","David","Alejandro","7/26/2018","Male","Black","7TA3P4E28T",NA
873,"Chavez","Juan","Carlos","2/18/2019","Male","White","4YXK27GB7H",1
874,"Diaz","Jose","Luis","4/14/2018","Male","White","25GSQF7ADL",NA
875,"Medina","Felipe","Andres","12/19/2019","Male","White","E9KD0U7QXX",NA
876,"Gonzalez","Angel","Luis","8/30/2017","Male","Black","4HISSNRD4P",1
877,"Ortiz","Victor","Hugo","6/1/2018","Male","White","YFAH1UBYJ0",NA
878,"Torres","Jorge","Antonio","10/23/2016","Male","AIAN","MELPO5TCCU",NA
879,"Rodriguez","Gabriel","Eduardo","3/24/2019","Male","NHOPI","VRRYUTYUBW",1
880,"Sanchez","Miguel","Angel","5/12/2017","Male","Asian","85PU7L9BNL",1
881,"Rivera","Carlos","Enrique","9/7/2020","Male","White","PK2UP072LC",NA
882,"Martinez","Jose","Daniel","11/17/2016","Male","White","39UZ3WMVOS",NA
883,"Hernandez","Luis","Fernando","1/19/2017","Male","White","C4OLYV8EBY",NA
884,"Ramos","Guillermo","Antonio","8/29/2018","Male","White","X2DCY3RMAM",NA
885,"Garcia","Alejandro","Francisco","4/9/2019","Male","Asian","B3RX4DCY99",NA
886,"Alvarez","Jose","Ramon","2/21/2017","Male","White","PJK2FDQEUD",1
887,"Al-Malik","Aisha","Fatima","5/13/2018","Female","White","YJJB59WN17",NA
888,"Al-Saud","Rana","Mariam","8/24/2017","Female","White","3UAZ429Z9D",1
889,"Al-Abdullah","Sara","Khadija","10/21/2019","Female","White","X7YSYP75AL",NA
890,"Al-Khalil","Nada","Samar","2/2/2016","Female","Asian","E92B6CGBAO",NA
891,"Al-Masri","Zahra","Amira","4/19/2017","Female","White","TQ5WI9QN4R",1
892,"Al-Farouq","Leila","Yasmin","9/3/2020","Female","White","1VPM659TU6",NA
893,"Al-Rashid","Yara","Lina","12/5/2019","Female","Black","DEBWLZVZAW",NA
894,"Al-Hashimi","Layla","Maysa","7/17/2018","Female","Black","XEH64MTM4J",NA
895,"Al-Turki","Nadia","Zeinab","3/29/2020","Female","White","Q34V1FS67Z",NA
896,"Al-Mahmoud","Rasha","Noor","6/11/2017","Female","Black","UYFIEEYIO2",1
897,"Al-Ghazali","Hind","Salma","11/8/2018","Female","White","RE807EBON0",NA
898,"Al-Hamad","Farida","Samia","1/16/2019","Female","NHOPI","XYQBRUDOB2",NA
899,"Al-Sulaiman","Amira","Nadine","8/6/2017","Female","White","JG8EDG3XKP",NA
900,"Al-Akhtar","Lina","Ayman","2/28/2018","Female","NHOPI","NU9B4QR4OW",NA
901,"Al-Darwish","Dina","Karima","5/7/2019","Female","Asian","MXVX7UJ8EQ",NA
902,"Al-Mousa","Sanaa","Saida","10/12/2016","Female","White","8ARX9164Q6",1
903,"Al-Mohamed","Laila","Nour","12/23/2018","Female","Asian","D0IOBSVCNW",NA
904,"Al-Qasimi","Fatima","Hana","6/20/2020",NA,"White","IEU7LA89AY",NA
905,"Al-Sabah","Khadija","Hanan","3/8/2017",NA,"White","TSP7XIZL1A",NA
906,"Al-Abadi","Salma","Aisha","11/26/2020",NA,"Black","RYNGL3TKNH",1
907,"Al-Farouq","Omar","Khaled","1/3/2018",NA,"White","HQCJ7RU771",NA
908,"Abdullah","Ahmed","N","9/14/2016","Male","","9UTHP2F0IN",1
909,"Al-Saud","Khalid","","7/29/2020",NA,"NHOPI","6Q8VC2STBT",NA
910,"Al-Malik","Hasan","","4/24/2019","Male","White","ZOPELZYI4D",1
911,"Al-Masri","Karim","","12/17/2017",NA,"AIAN","KNOXKE8DNV",1
912,"Al-Hussein","Tariq","","2/11/2016","Male","Black","WUWOEEGXW5",NA
913,"Al-Khalil","Mazen","","10/7/2019","Male","White","C18R2UZQBW",NA
914,"Al-Mustafa","Malik","","8/1/2018","Male","Asian","TIMUSJEQTE",NA
915,"Al-Mahdi","Sami","Ahmad","5/29/2017","Male","White","HOSINI9Z3I",NA
916,"Al-Qassim","Fahad","Hamza","11/14/2016","Male","White","C1QUT0OVEI",NA
917,"Al-Sulaiman","Youssef","Aziz","3/18/2020","Male","AIAN","U2N2E14KGG",NA
918,"Al-Ghazali","Ali","Abdullah","","Male","White","HYEASBPMGP",NA
919,"Al-Mansour","Nizar","Tawfiq","12/30/2018","Male","White","MCOYCCVCJV",1
920,"Al-Hashimi","Adnan","Raed","1/25/2017","Male","Black","AJEGH0F0WD",1
921,"Al-Darwish","Walid","Majed","","Male","White","CQQVQTGEU5",NA
922,"Al-Attar","Zaid","Omar","6/27/2018","Male","White","EE8D2BP1V9",1
923,"Al-Turki","Abdullah","Khalil","11/2/2019","Male","White","RMJZXGBOH1",NA
924,"Al-Hamad","Saad","Amer","","Male","White","R2ZJVYJYXQ",NA
925,"Al-Mousa","Hani","Anwar","2/21/2017","Male","AIAN","D243HN6VMU",NA
926,"Al-Sabah","Rami","Fadi","10/3/2018","Male","AIAN","FOUAFR7HJP",NA
927,"Garcia","Mia","Rose","6/25/2017","Female","White","4N9XWC2DX3",NA
928,"Nguyen","Sophia","Elizabeth","11/13/2019","Female","Black","JUPXK22KCZ",NA
929,"Lee","Ava","Grace","9/18/2020","Female","Black","4OQYHANDNR",NA
930,"Rodriguez","Isabella","Maria","5/14/2016","Female","White","MG17TFMUUG",NA
931,"Patel","Olivia","Mae","3/27/2018","Female","White","G5ESLLNAMZ",NA
932,"Kim","Emma","Louise","8/9/2019","Female","AIAN","V0X9HJBWD7",1
933,"Smith","Charlotte","Anne","2/8/2017","Female","White","L219Q1I9IH",1
934,"Hernandez","Harper","Nicole","12/26/2020","Female","White","2B9MJG84EI",NA
935,"Davis","Amelia","Jade","4/4/2019","Female","White","ZGTOZNPIMH",NA
936,"Wilson","Chloe","Lynn","10/1/2016","Female","Black","J15MY6OPBM",NA
937,"Brown","Evelyn","Paige","7/19/2018","Female","Black","LXL5SSNI45",1
938,"Ortiz","Abigail","Lynn","1/12/2017","Female","White","0R6OG42HLY",NA
939,"Kim","Emily","Jean","11/27/2020","Female","White","VZCWQN6TVA",NA
940,"Lee","Elizabeth","Ann","3/11/2019","Female","Black","YB88EPD33J",NA
941,"Anderson","Victoria","May","8/22/2017","Female","White","SX0ISZ60S9",NA
942,"Perez","Madison","Rose","12/4/2018","Female","White","XV6F0B3HO3",NA
943,"Flores","Scarlett","Marie","5/31/2016","Female","White","WP6K8AWE1S",NA
944,"Rivera","Penelope","Noelle","10/8/2019","Female","AIAN","9GRCE74P5C",NA
945,"Diaz","Zoey","Elaine","2/16/2018","Female","Asian","ZSKZIK2KK7",NA
946,"Adams","Leah","Rose","6/5/2020","Female","White","RXCU3UR875",NA
947,"Johnson","Stella","Marie","1/6/2017","Female","White","MXTSA5HZZP",NA
948,"Nuguyen","Natalie","Rose","9/9/2018","Female","White","8VU9CX2HW7",1
949,"Parker","Lila","Grace","7/7/2016","Female","Black","5QZIJRTPFW",NA
950,"Martinez","Grace","Elizabeth","11/5/2020","Female","Asian","JGE081N8KT",1
951,"Reyes","Aubrey","Rose","3/22/2017","Female","Asian","2Q98G02BYX",NA
952,"Turner","Harper","Marie","12/10/2018","Female","White","0RMCJYHO4Q",1
953,"Scott","Brooklyn","Noelle","8/1/2020","Female","Asian","MPPRJLQT1O",NA
954,"Thomas","Kennedy","Lynn","2/14/2019","Female","NHOPI","XE4Z0WK924",NA
955,"White","Hazel","Olivia","10/28/2016","Female","AIAN","EUM8FVD8BS",1
956,"Jackson","Layla","Rose","6/30/2018","Female","NHOPI","T8D8RE68YB",1
957,"Ramirez","Aria","Grace","1/30/2017","Female","Black","B6AT9OJJKU",NA
958,"Kim","Maya","Marie","9/23/2020","Female","White","Y2ZX63NAT9",NA
959,"Hernandez","Lily","Grace","4/17/2019","Female","White","PI47TR1WDY",NA
960,"Nguyen","Isla","Rose","11/22/2018","Female","Black","S9U5XRQS32",NA
961,"Carter","Nora","Elizabeth","7/2/2016","Female","White","HCL4P9TCQR",NA
962,"Lee","Ellie","Jean","10/3/2019","Female","White","A5LTYUJQ2C",NA
963,"Jones","Violet","Marie","2/21/2017","Female","Asian","JY76TFL04H",NA
964,"Davis","Mila","Grace","5/26/2020","Female","White","4AHL4WJLQ6",NA
965,"Taylor","Luna","Marie","12/27/2018","Female","White","0Y9YGOKUEL",NA
966,"Martin","Adeline","Noelle","8/13/2017","Female","White","HZSX2NXKKB",NA
967,"Johnson","Alex","James","5/22/2017","Male","NHOPI","JP13A8950B",1
968,"Lee","Ben","T","10/28/2018","Male","White","4YOCBMTNVP",1
969,"Brown","William","Joseph","9/6/2019","Male","White","U2QVBEXHLI",NA
970,"Kim","Ethan","Michael","6/2/2016","Male","White","N6U9PIMQPN",NA
971,"Hernandez","Daniel","Robert","4/5/2018","Male","AIAN","MPCU1MGJ88",NA
972,"Garcia","Matthew","David","8/20/2020","Male","Black","JFYSKW7UAD",1
973,"Martinez","Christopher","John","2/19/2017","Male","White","OTA4L7APRL",1
974,"Davis","Anthony","Paul","12/13/2019","Male","White","0RDH6W77BE",NA
975,"Clark","Noah","Samuel","3/1/2016","Male","White","RY63L662ZE",1
976,"Nguyen","Nicholas","A","10/12/2020",NA,"","99BA3WQ5TF",1
977,"Wilson","Jackson","Andrew","7/5/2018","Male","White","9NK83MIBXT",NA
978,"Smith","Isaac","Benjamin","1/29/2017","Male","AIAN","AZLU8A0BGF",1
979,"Anderson","Samuel","Henry","11/4/2019","Male","NHOPI","JTI7I5DYGN",NA
980,"Perez","Lucas","Jonathan","4/23/2018","Male","Asian","F3K3F6FMFJ",NA
981,"Ramirez","Gabriel","William","8/7/2016","Male","White","6V53ZMXDMN",NA
982,"Turner","Owen","Christopher","12/16/2017","Male","White","9AZ4MA43OC",1
983,"White","Caleb","Joshua","5/18/2020","Male","White","MP2J7GCA9C",1
984,"Lewis","Tyler","Jacob","10/10/2018","Male","White","I7ZL7H5554",NA
985,"Scott","Dylan","Charles","2/9/2019","Male","Asian","ZSZU14Z13B",NA
986,"Martin","Nathan","","6/8/2017","Male","White","WA32UOSRT3",NA
987,"Wright","Ryan","","1/11/2018","Male","White","QIEFZZV2PV",NA
988,"Taylor","Isaac","Elijah","9/24/2019","Male","AIAN","DUNSEGWKHO",NA
989,"Martin","Isaiah","Daniel","7/20/2016","Male","White","ACAPQTF7Q6",NA
990,"Garcia","Andrew","Matthew","11/26/2020","Male","White","Y97PNB7J8I",1
991,"Adams","Mason","David","3/14/2017","Male","White","9GX2EPHEJJ",NA
992,"Martinez","Liam","Joseph","12/19/2018","Male","Black","F4ER8XT2ZZ",NA
993,"Davis","Jacob","William","8/31/2020","Male","NHOPI","M55B8MPGPO",NA
994,"Lee","Eli","Nathaniel","2/28/2019",NA,"AIAN","HK1JGWUKFH",NA
995,"Anderson","James","Thomas","10/15/2016",NA,"White","GAIDZ67R8L",1
996,"Perez","Joseph","Matthew","6/17/2018",NA,"NHOPI","JHR0IKN73L",1
997,"Hernandez","Christopher","Sean","1/22/2017",NA,"Black","FH6EPN23GD",NA
998,"Rodriguez","Logan","Anthony","9/15/2020","Male","Black","2CXNWJZZ52",NA
999,"Kim","David","Paul","4/9/2019","Male","White","00NO5CZUO7",1
1000,"Clark","Jonathan","Steven","11/13/2018","Male","White","U5D5TWQP8L",NA
1001,"Nguyen","Kevin","Michael","7/9/2016","Male","Black","MB7YL1HEIC",NA
1002,"Brown","Evan","David","10/1/2019","Male","White","R0GIL7QTDC",NA
1003,"Wilson","Noah","Alexander","2/5/2017","Male","Black","9VKZO54GFA",NA
1004,"Smith","Benjamin","Michael","5/31/2020","Male","NHOPI","UCI0LMMN9Q",NA
1005,"Martinez","Justin","Robert","","Male","Black","ATFY102M45",NA
1006,"Lee","William","Christopher","8/25/2017","Male","AIAN","EIIH8MZL1O",NA
32,"Kimura","Maya ","Mayumi","10/12/2018","Female","AIAN","0QMR18XB7K",NA
979,"Anderson","Samuel","Henry","11/4/2019","Male","NHOPI","JTI7I5DYGN",NA
68,"Kim-Choi","Aaliyah ","Marisol","4/28/2018","Female","White","YOF3B0GX3W",1
35,"Ali-Jones","Isaac ","Arseniy","4/18/2017","Male","White","ZYRNKYG64B",1
983,"White","Caleb","Joshua","5/18/2020","Male","White","MP2J7GCA9C",1
643,"Davis","Ryan","Anthony","6/25/2019","Male","White","D3FGFP0G1A",NA
369,"Kim","Charlotte","Nicole","8/4/2019","Female","White","0O26U9DCQY",1
760,"Castro","Lorena","Evangelina","6/3/2018","Female","Black","N1A63W37FJ",NA
990,"Garcia","Andrew","Matthew","11/26/2020","Male","White","Y97PNB7J8I",1
945,"Diaz","Zoey","Elaine","2/16/2018","Female","Asian","ZSKZIK2KK7",NA
67,"Rodriguez-García","Roman ","Jelena","11/14/2018","Male","NHOPI","AD6YN2AUEH",NA
873,"Chavez","Juan","Carlos","2/18/2019","Male","White","4YXK27GB7H",1
272,"Johnson","Jamal","Amir","1/27/2017","Male","Black","ZLBITSMIFK",NA
133,"Hall","Avery","Ryan","1/7/2020","Female","White","YPOD3SKM0A",1
415,"Smith","Callie","Marie","3/9/2015","Female","NHOPI","ACR8JW8MU1",1
927,"Garcia","Mia","Rose","6/25/2017","Female","White","4N9XWC2DX3",NA
266,"Cooper","Aisha","Nicole","7/8/2019","Female","Black","F48MAZS0U3",NA
295,"Thompson","DeAndre","","7/30/2016","Male","Black","DGBJM897M9",NA
664,"Adams","Joseph","Eric","11/5/2017","Male","White","NVZW9S3756",NA
910,"Al-Malik","Hasan","","4/24/2019","Male","White","ZOPELZYI4D",1
315,"Davis","Evelyn","Faith","3/3/2018","Female","NHOPI","GM0KWHABJB",1
584,"Foster","Kevin","Anthony","11/19/2020","Male","White","3UCGF681BC",NA
946,"Adams","Leah","Rose","6/5/2020","Female","White","RXCU3UR875",NA
905,"Al-Sabah","Khadija","Hanan","3/8/2017",NA,"White","TSP7XIZL1A",NA
797,"Ramirez","Hector","Manuel","5/19/2018","Male","Black","3WNM0B95ON",NA
981,"Ramirez","Gabriel","William","8/7/2016","Male","White","6V53ZMXDMN",NA
624,"Smith","Mike","S","2/1/2017","Male","","WYKW54WO13",1
420,"Collins","Molly","Faith","1/12/2017","Female","White","76MH05C4PR",1
545,"Evans","Justin","Matthew","12/3/2016","Male","Asian","R5VQU3TDYB",NA
148,"Richardson","Drew","","12/28/2018","Male","White","VG93QIVY6B",1
398,"Davis","Skylar","Marie","9/16/2018","Female","Black","FVGWX6FEGM",NA
783,"Camargo","Carmen","Lucia","2/2/2017","Female","White","L7MIUDQ196",NA
212,"Teura","Sina","Orama","11/30/2017","Female","NHOPI","VWQQUA2N3V",1
4,"Chan","Hiro ","","7/17/2018","Male","NHOPI","MBR9ABVV5I",1
896,"Al-Mahmoud","Rasha","Noor","6/11/2017","Female","Black","UYFIEEYIO2",1
178,"Wright-Anderson","Avery","Alexander","2/25/2019","Male","AIAN","HBU2ZI2S6R",NA
613,"Turner","Chris ","William","6/27/2019","Male","White","P4UUZUH13E",1
492,"Foster","Justin","Michael","9/10/2019","Male","Black","L4R48624FW",1
354,"Kim","Leah","","4/18/2017","Female","NHOPI","12PC5P3Y23",NA
656,"Nelson","Joshua","James","10/13/2017","Male","NHOPI","4I7V22EFLA",NA
758,"Mora","Dalia","Marina","2/12/2017","Female","White","GAZ2G0N9R1",NA
513,"Green","Logan","Christopher","4/11/2017",NA,"White","J6NCR8TM3U",NA
912,"Al-Hussein","Tariq","","2/11/2016","Male","Black","WUWOEEGXW5",NA
510,"Collins","Mark","Andrew","6/7/2018","Male","Asian","T6XRE41GO7",NA
662,"Cooper","Michael","Patrick","2/22/2017","Male","White","YHPINACP0D",NA
239,"Onaona","Toa","Malakai","8/15/2019","Male","NHOPI","NX13886Q6A",1
815,"Chavez","Juan","Manuel","7/6/2016","Male","NHOPI","2E7E9NG6GA",NA
960,"Nguyen","Isla","Rose","11/22/2018","Female","Black","S9U5XRQS32",NA
908,"Abdullah","Ahmed","N","9/14/2016","Male","","9UTHP2F0IN",1
201,"Tafiti","Tevita","Manu","8/9/2019","Male","NHOPI","IAFOH62R3X",NA
496,"Cartre","Samuel","J","1/9/2019","Male","NHOPI","4FR7XLK364",1
692,"Matsuda","Yuki","Suki","11/4/2019","Female","Asian","YQ0QZ46G1K",1
248,"Nafanua","Alamea","Taula","4/4/2019","Female","NHOPI","O9P2LPWC56",NA
144,"Taylor","Emery","","1/22/2018","Male","AIAN","FAXY757J9M",NA
532,"Adams","Ryan","Robert","6/16/2020","Male","AIAN","D00TM0Y3QF",NA
395,"Singh","Scarlett","Elizabeth","12/19/2016","Female","White","K3IKGIME5L",NA
102,"Carter","Grayson","James","8/26/2017","Male","White","IX44Y297OX",NA
866,"Ramirez","Javier","","3/19/2019","Male","","8SO9YYXI7S",1
888,"Al-Saud","Rana","Mariam","8/24/2017","Female","White","3UAZ429Z9D",1
885,"Garcia","Alejandro","Francisco","4/9/2019","Male","Asian","B3RX4DCY99",NA
193,"Williams-Anderson","Jordan","Leah","7/22/2019","Female","NHOPI","5JXB1LPK97",NA
719,"Ramirez","Adrian","R","10/21/2020","Female","White","CT7CUBO7BI",1
534,"Robinson","Nathan","Matthew","12/5/2017","Male","White","VD3WEFID8R",1
313,"Taylor","Scarlett","Amelia","9/8/2020","Female","White","EQAGVNERTG",NA
507,"Rivera","Brian","Matthew","7/19/2016","Male","AIAN","R8UGYYP385",NA
242,"Noho","Kie","Hauoli","2/8/2020","Female","NHOPI","0ISSNZLY56",NA
976,"Nguyen","Nicholas","A","10/12/2020",NA,"","99BA3WQ5TF",1
282,"Wright","Clarence","Jerome","10/8/2019",NA,"Black","IAMZB2QAQB",1
221,"Falelauniu","Tui","","9/28/2018","Male","NHOPI","NELFENJJG3",NA
288,"Baker","Cedric","Lamar","5/2/2017","Male","Black","Q0P85N2CJS",1
698,"Tanaka","Hanae","So","11/22/2017","Female","Asian","Q56N2HOG5S",1
702,"Martinez","Isabella","Maria","7/23/2018","Female","White","53FA7WYBGX",NA
135,"Bailey","Dana","Avery","2/23/2017","Female","White","TJBI8FPDSJ",NA
153,"Murphy","Jordan","","3/15/2016","Female","Asian","U2NBHN0S9K",NA
45,"Patel-Shah","Selim ","Hana","12/20/2017","Male","Asian","FJQF078NW4",NA
706,"Alvarez","Camila","Fernanda","12/29/2016","Female","AIAN","QDVYWLY16W",NA
628,"Powell","Jacob","Alexander","1/20/2018",NA,"Black","OFG519S67Y",NA
452,"Chen","Isabella","Rose","11/4/2016","Female","White","X09ACHTUYL",NA
150,"Davis-Scott","Logan","","11/20/2020","Male","Asian","X8K444ZC19",1
297,"Scott","Christopher","Maurice","2/9/2018","Male","Black","J8Z5EJLBPW",NA
503,"Lewis","Mason","Joseph","12/8/2020","Male","Black","ARA4LD1II0",1
64,"Nakamura-Yamamoto","Omar ","Andrzej","5/13/2019","Male","White","3VMF0NGG8L",1
154,"Gray","Finley","","1/16/2018","Male","NHOPI","0IJCTM5XW0",NA
1001,"Nguyen","Kevin","Michael","7/9/2016","Male","Black","MB7YL1HEIC",NA
911,"Al-Masri","Karim","","12/17/2017",NA,"AIAN","KNOXKE8DNV",1
771,"Herrera","Amalia","Belen","3/23/2019","Female","AIAN","GFP4ZZCEU0",NA
348,"Brown","Eleanor","","2/1/2018","Female","White","Q83N1U8VV8",NA
361,"Smith","Naomi","Elizabeth","1/24/2017",NA,"White","W3UOT7QWIN",1
389,"Baker","Grace","","12/7/2016","Female","White","RD9KE4BYLP",NA
737,"Ochoa","Aurora","Graciela","2/20/2017","Female","Black","EUSPD3FOQZ",NA
930,"Rodriguez","Isabella","Maria","5/14/2016","Female","White","MG17TFMUUG",NA
583,"Green","Justin","Aaron","6/30/2016","Male","White","9PHMPV8VHZ",NA
826,"Ramos","Guillermo","Antonio","8/11/2019","Male","Black","6Q9D4IZN02",1
845,"Diaz","Jose","Luis","6/1/2019","Male","Asian","N6RJPU1RZL",NA
614,"Hernandez","Ryan","","11/18/2018","Male","White","IPAH5CMG4H",NA
950,"Martinez","Grace","Elizabeth","11/5/2020","Female","Asian","JGE081N8KT",1
661,"Hernandez","Benjamin","Tyler","5/12/2018","Male","White","XO6C64ZLA8",1
263,"Adams","Monique","Danielle","6/7/2016","Female","Black","YQC5VAP7S3",1
237,"Kaipo","Mikaele","Taufa","6/20/2018","Male","NHOPI","4L34LV0GCU",1
642,"Lee","Christopher","Jonathan","8/10/2020","Male","White","8QHTGNZE72",NA
250,"Matakino","Maimoa","Lanihuli","12/24/2020","Female","NHOPI","Y19BZS4XU4",NA
331,"Robinson","Claire","Olivia","4/4/2018","Female","White","I1LY35MIRT",1
671,"Park","Kim","","10/15/2018","Female","Asian","089J5GRUOM",1
743,"Quiroz","Andrea","Liliana","7/6/2019","Female","White","TXYIBRTO61",NA
505,"Torres","Caleb","","4/15/2017","Male","Black","S2OK1J6TCI",NA
58,"Park-Kim","Hiroto ","O","12/29/2019","Male","White","ARRMFAJ442",NA
13,"Martinez","Ananya ","","11/29/2018","Female","White","0SVH3B5WYT",NA
121,"King","Kendall","M","12/18/2016","Female","AIAN","C1LPF95QNJ",NA
860,"Ramirez","Manuel","Alejandro","9/14/2019","Male","Black","CYOQKZ01KD",NA
618,"Diaz","Joseph","Michael","4/28/2019","Male","Asian","1EBDMDHEYF",NA
778,"Aguilar","Estefania","Monica","12/30/2019","Female","AIAN","UZNFSHN2EA",NA
555,"Anderson","Isack","TomTom","7/13/2016","Male","AIAN","HCMF5HU9HP",1
312,"Perez","Elizabeth","Marie","11/27/2016","Female","White","V1QNZ4S7YU",NA
897,"Al-Ghazali","Hind","Salma","11/8/2018","Female","White","RE807EBON0",NA
291,"Johnson","Dominique","James","3/3/2016","Male","Black","6Z3M0BBP0M",NA
448,"Jackson","Charlotte","Rae","10/17/2017","Female","White","B8I5FS516X",NA
330,"Johnson","Savannah","Grace","2/16/2017","Female","White","M9U8GX48OW",NA
564,"Adams","Sean","Christopher","4/14/2018","Male","White","F8TERRRGG0",NA
725,"Acosta","Daniela","Rocio","12/26/2017","Female","NHOPI","WVW407E1DJ",NA
731,"Rios","Gabriela","Adriana","8/17/2016","Female","White","LD34UOEV20",NA
314,"Martinez","Aria","Madison","4/15/2017","Female","White","CA7QSI2K15",NA
435,"Williams","Julia","","9/5/2018","Female","White","L67DTP0YM1",NA
298,"Jackson","Terrance","Alexander","9/23/2019","Male","Black","JI6C9YYUGM",1
211,"Ngakau","Tama","Kauri","9/5/2019","Male","NHOPI","E4P9XOZQIB",NA
443,"Hernandez","Mia","","7/11/2017","Female","White","GG4FI067Q9",NA
989,"Martin","Isaiah","Daniel","7/20/2016","Male","White","ACAPQTF7Q6",NA
824,"Martinez","Jose","Daniel","11/9/2018","Male","White","Q1S2KIMGZ3",NA
185,"Henderson","Sage","Camila","8/11/2018","Female","Asian","PAEYPZDVL9",NA
703,"Rodriguez","Andrea","Gabriela","5/6/2019","Female","Black","0Y2M7YTUEH",NA
413,"Hernandez","Hadley","Lynn","2/8/2019","Female","White","8JRFYWSJ0K",1
730,"Zamora","Priscila","Luz","10/28/2020","Female","White","JERN4WXRSS",NA
701,"Garcia","Ana","Sofia","2/14/2016","Female","Black","TMCYFU3EKB",NA
122,"Allen","Drew","Samuel","11/21/2018","Male","Black","MU1WM6I3C3",1
543,"Cooper","Caleb","Michael","2/18/2019","Male","White","K6QKI0DSC4",1
522,"Davis","Michael","Alexander","5/1/2018","Male","Black","NLEQJNHPCE",NA
118,"James","Taylor","David","9/16/2020","Male","Asian","BYUNIMEZZM",NA
561,"Smith","Eric","Ryan","9/7/2018","Male","White","CDN7GDNJZM",NA
995,"Anderson","James","Thomas","10/15/2016",NA,"White","GAIDZ67R8L",1
843,"Torres","David","Alejandro","1/14/2017","Male","White","2Q2621FPEH",NA
336,"Davis","Everly","Sophia","11/18/2018","Female","Black","QMEOKF3XRU",1
80,"Chang-Chen","Selena ","Kiana","1/19/2020","Female","Asian","Q6FPWYVEG1",1
488,"Perez","Kevin","Alexander","8/5/2016","Male","AIAN","51NKILZ6E6",1
903,"Al-Mohamed","Laila","Nour","12/23/2018","Female","Asian","D0IOBSVCNW",NA
665,"Davis","David","Ryan","6/5/2016","Male","White","8KJS6QYBAU",NA
62,"Lee-Chang","Ali ","Veronika","9/2/2016","Male","White","W3T15GPXN2",NA
214,"Lupeamanu","Latai","Fusi","3/10/2019","Female","NHOPI","9Z1S9261KR",NA
453,"Johnson","Emily","Lynn","2/17/2017","Female","Asian","9HFOP37FEO",NA
553,"Nelson","Dylan","Joseph","10/8/2020","Male","Asian","7VXUCLF81J",NA
982,"Turner","Owen","Christopher","12/16/2017","Male","White","9AZ4MA43OC",1
637,"Brown","Kevin","Paul","9/9/2018","Male","Black","ROYRA2G91E",1
975,"Clark","Noah","Samuel","3/1/2016","Male","White","RY63L662ZE",1
176,"Ward","Cameron","Jackson","8/1/2017","Male","Black","2KY9T6TWX1",NA
468,"Peters","Lucas","Alexander","3/8/2017","Male","White","AFTXZRCRXT",NA
784,"Montes","Paola","Abril","11/7/2019","Female","White","U9JT3F6POC",NA
246,"Tuitupou","Fetu","Leilani","6/11/2020","Female","NHOPI","U98JSZYSVI",1
667,"Li","Rina","Mei","","Female","Asian","WWSLTP6BGF",NA
181,"Price","Jules","Fiona","7/5/2019","Female","White","77PBRIQBCI",NA
177,"Collins-Jones","Morgan","Piper","11/22/2018","Female","White","B0W7H99UVB",NA
854,"Hernandez","Luis","Fernando","12/14/2019","Male","NHOPI","1CJEZ7KUEC",NA
390,"Collins","Sam","","5/8/2017","Female","","H0QW2X4EKX",1
441,"Martin","Ava","Nicole","8/17/2019","Female","White","IF5D46IL2B",NA
803,"Diaz","Francisco","Javier","7/22/2018","Male","Black","EG68DP4NCQ",1
123,"Edwards","Cameron","Claire","4/14/2017","Female","White","H6Z5P5XB8H",NA
434,"Johnson","Alexa","Marie","4/21/2017","Female","White","59N9NO1SSH",1
403,"Rodriguez","Jade","Alexandra","11/8/2017","Female","Black","L6YSF3YKH0",NA
218,"Tanifa","Moana","Faiva","4/8/2020","Female","NHOPI","XG50YA3E1A",NA
470,"Smith","Benjamin","Ryan","9/4/2019","Male","White","V1YD6TUTRP",NA
537,"Lewsi","Jason","Michael","7/4/2017",NA,"Black","HDUJXT0AKE",1
350,"Davis","Reagan","","8/13/2019","Female","Asian","EHZJ8HR5T3",NA
38,"Morita","Anika ","Jia","5/10/2016","Female","White","G7ZO96JK4A",NA
498,"Morris","Zachary","Richard","5/17/2018","Male","Black","H8YEBMSUO5",NA
986,"Martin","Nathan","","6/8/2017","Male","White","WA32UOSRT3",NA
651,"Garcia","Alexander","Joseph","8/31/2017","Male","Asian","DTBZAGWE94",NA
800,"Torres","Victor","Manuel","8/5/2019","Male","White","IA7QK7PD68",NA
208,"Ika","Nani","Kaiapoi","2/7/2019","Female","NHOPI","P6UO4FT2N1",NA
333,"Wilson","Autumn","Elizabeth","6/13/2017","Female","White","19BOHIC36U",1
261,"Collins","Shanice","Marie","1/9/2018","Female","Black","4XMX20ZEXK",NA
165,"Hernandez-Cruz","Dakota","","12/23/2020","Female","White","QIBDVQ4D6N",1
200,"Davis-Lopez","Dylan","Isaac","1/8/2017","Male","White","CQZWPWFUEE",NA
742,"Rangel","Alejandra","Esperanza","3/19/2016","Female","White","JL58JH6OGF",NA
659,"Martinez","Matthew","Andrew","8/24/2020","Male","White","H6VRDHJMER",NA
49,"Choudhury","Rohan ","M","9/16/2018","Male","Black","U18NIG95WB",NA
320,"Anderson","Riley","Nicole","6/29/2016","Female","White","Y29IMI5A5M",NA
303,"Brown","Emma","Grace","9/6/2019",NA,"Black","848G0F4MW3",NA
580,"King","Brandon","Tyler","3/4/2017","Male","Asian","DV3IAOIAF5",NA
9,"González","Katarina ","","11/9/2019","Female","Asian","E0FQ1ZZON8",1
820,"Torres","Jorge","Antonio","9/16/2020","Male","White","3GQN8C8JLN",NA
364,"Martinez","Isabelle","Marie","5/4/2018","Female","White","3P1GSA47J0",NA
573,"Parker","Samuel","Robert","6/23/2019","Male","White","9FZV62OSRL",NA
27,"Iwamoto","Omar ","Khalid","9/14/2017","Male","White","39O1Y8N1TQ",NA
290,"Cooper","Jamar","Maurice","6/15/2019","Male","Black","579D82D5GC",NA
918,"Al-Ghazali","Ali","Abdullah","","Male","White","HYEASBPMGP",NA
964,"Davis","Mila","Grace","5/26/2020","Female","White","4AHL4WJLQ6",NA
653,"Robinson","Michael","John","11/25/2018","Male","Asian","S0CGDHFELJ",NA
528,"Brown","Matthew","Ryan","7/31/2017","Male","Black","DURCCCGX61",NA
847,"Gonzalez","Angel","Luis","3/5/2017","Male","White","YIRTR2RTZ2",NA
926,"Al-Sabah","Rami","Fadi","10/3/2018","Male","AIAN","FOUAFR7HJP",NA
